Gender,Customer_Type,Age,Type_of_Travel,Class,Flight_Distance,Inflight_wifi_service,Departure_Arrival_time_convenient,Ease_of_Online_booking,Food_and_drink,Seat_comfort,Inflight_entertainment,Onboard_service,Leg_room_service,Baggage_handling,Checkin_service,Cleanliness,Online_boarding,Satisfaction
Male,Loyal Customer,51,Personal,Economy,3271,2,2,1,1,2,3,2,2,4,1,0,0,Satisfied
Male,Disloyal Customer,44,Personal,Economy Plus,1964,3,2,3,5,3,5,3,0,4,1,3,0,Satisfied
Female,Disloyal Customer,50,Personal,Economy Plus,295,1,0,2,0,3,5,5,4,2,4,1,4,Neutral or Dissatisfied
Female,Loyal Customer,38,Business,Economy,1817,2,3,1,0,2,2,5,3,0,4,4,4,Satisfied
Female,Loyal Customer,66,Business,Economy Plus,4671,5,0,1,2,4,0,3,0,3,1,0,5,Satisfied
Female,Loyal Customer,68,Personal,Business,1352,0,1,0,1,2,1,5,3,3,1,1,5,Neutral or Dissatisfied
Male,Loyal Customer,60,Personal,Business,3742,1,3,2,3,3,5,5,1,4,3,2,3,Satisfied
Male,Disloyal Customer,21,Personal,Economy,1446,3,2,3,2,4,2,2,4,1,3,5,1,Neutral or Dissatisfied
Male,Disloyal Customer,32,Business,Economy,3797,4,2,4,4,5,4,2,2,3,3,3,5,Satisfied
Male,Disloyal Customer,49,Business,Economy Plus,3993,4,2,5,1,3,4,5,0,0,0,1,3,Satisfied
Male,Disloyal Customer,24,Business,Business,4832,3,2,4,0,1,0,0,0,0,0,3,5,Neutral or Dissatisfied
Female,Disloyal Customer,52,Personal,Business,4010,5,2,3,3,1,0,4,2,0,4,2,5,Satisfied
Male,Loyal Customer,60,Business,Business,393,1,5,5,0,3,0,4,0,3,4,1,1,Satisfied
Male,Disloyal Customer,59,Business,Economy,4750,1,2,3,2,1,0,5,5,0,2,2,3,Satisfied
Male,Loyal Customer,36,Personal,Economy,2970,5,2,3,1,1,3,2,4,5,1,3,4,Neutral or Dissatisfied
Male,Disloyal Customer,56,Personal,Economy Plus,3713,2,0,0,2,3,5,1,0,2,1,1,2,Neutral or Dissatisfied
Female,Disloyal Customer,50,Business,Economy Plus,1209,2,1,4,1,2,4,4,2,1,2,2,0,Neutral or Dissatisfied
Male,Disloyal Customer,40,Personal,Business,2698,3,4,5,2,5,0,1,0,5,3,5,1,Neutral or Dissatisfied
Male,Disloyal Customer,57,Personal,Economy Plus,2750,3,0,3,5,3,4,2,2,4,0,3,5,Neutral or Dissatisfied
Female,Loyal Customer,35,Business,Economy Plus,4252,3,4,2,4,4,5,5,2,3,4,3,1,Neutral or Dissatisfied
Male,Disloyal Customer,33,Personal,Economy Plus,445,5,1,1,2,4,0,5,3,0,3,0,3,Neutral or Dissatisfied
Female,Disloyal Customer,18,Business,Economy,372,0,5,5,2,2,1,1,0,2,1,0,1,Satisfied
Male,Disloyal Customer,68,Personal,Business,806,5,0,0,1,0,2,2,4,4,2,5,5,Satisfied
Male,Disloyal Customer,32,Business,Economy,2228,1,1,1,0,1,2,4,4,3,5,2,5,Satisfied
Male,Disloyal Customer,45,Business,Business,4406,0,1,3,2,1,5,3,1,0,4,5,1,Neutral or Dissatisfied
Female,Disloyal Customer,32,Business,Economy Plus,4518,4,3,5,0,5,4,1,1,5,5,5,4,Neutral or Dissatisfied
Female,Disloyal Customer,37,Personal,Economy Plus,618,1,0,0,5,4,4,3,3,5,4,3,0,Satisfied
Female,Disloyal Customer,52,Business,Business,1320,1,2,3,1,4,3,5,2,2,2,2,5,Neutral or Dissatisfied
Male,Loyal Customer,66,Personal,Economy Plus,2518,2,3,2,1,1,2,2,3,3,1,1,5,Satisfied
Male,Disloyal Customer,60,Personal,Business,3003,0,3,3,1,2,3,2,0,2,2,0,3,Satisfied
Female,Disloyal Customer,38,Business,Business,3685,4,5,4,2,1,2,5,2,3,3,0,0,Satisfied
Male,Disloyal Customer,60,Personal,Economy Plus,2068,0,4,4,0,0,1,1,4,0,5,5,4,Neutral or Dissatisfied
Male,Disloyal Customer,33,Personal,Economy,2460,5,5,1,0,2,0,0,4,2,0,2,4,Satisfied
Female,Loyal Customer,28,Business,Economy Plus,139,0,1,4,5,0,4,5,4,0,1,5,1,Satisfied
Female,Loyal Customer,55,Personal,Business,488,4,2,5,1,5,5,0,3,4,0,0,0,Neutral or Dissatisfied
Female,Disloyal Customer,31,Personal,Business,4097,4,2,4,5,3,2,3,1,5,4,5,2,Neutral or Dissatisfied
Female,Loyal Customer,60,Business,Economy,1237,4,0,3,0,3,5,1,5,4,2,5,0,Satisfied
Female,Disloyal Customer,53,Personal,Economy,4371,4,3,2,2,3,4,4,3,5,5,0,5,Satisfied
Male,Disloyal Customer,24,Personal,Economy Plus,4750,1,1,5,4,4,0,3,5,5,2,5,4,Satisfied
Male,Disloyal Customer,36,Business,Business,4638,4,2,2,2,1,3,5,3,4,5,1,4,Satisfied
Female,Disloyal Customer,68,Business,Economy,995,0,5,1,2,3,5,5,1,3,2,0,3,Neutral or Dissatisfied
Female,Loyal Customer,38,Personal,Economy,2552,2,2,0,0,3,1,1,3,1,4,3,2,Satisfied
Female,Loyal Customer,40,Personal,Business,3381,3,4,2,2,0,0,2,0,5,0,1,2,Satisfied
Female,Loyal Customer,62,Business,Business,3993,3,3,5,3,1,4,2,2,2,0,0,2,Neutral or Dissatisfied
Female,Loyal Customer,58,Personal,Business,4978,2,1,2,4,0,5,4,1,1,2,1,3,Neutral or Dissatisfied
Female,Loyal Customer,32,Business,Economy Plus,3429,4,4,5,2,1,5,0,5,3,1,4,2,Neutral or Dissatisfied
Female,Loyal Customer,56,Personal,Economy,3078,3,4,0,5,1,5,4,0,1,2,5,4,Neutral or Dissatisfied
Female,Loyal Customer,59,Personal,Economy Plus,3654,2,3,4,4,4,5,5,1,4,3,3,2,Neutral or Dissatisfied
Male,Loyal Customer,47,Business,Economy Plus,4168,0,3,5,5,5,2,0,3,2,0,2,2,Neutral or Dissatisfied
Female,Loyal Customer,27,Personal,Business,246,3,3,1,4,5,2,0,0,4,3,5,0,Satisfied
Female,Disloyal Customer,47,Personal,Economy Plus,1626,4,2,3,3,5,4,0,1,2,3,3,0,Neutral or Dissatisfied
Female,Disloyal Customer,38,Business,Business,1902,1,5,5,2,0,0,2,1,4,3,4,1,Neutral or Dissatisfied
Male,Loyal Customer,35,Business,Business,389,2,0,5,2,4,5,3,1,4,0,5,5,Satisfied
Male,Loyal Customer,63,Business,Economy,3417,0,5,3,3,0,4,0,1,0,1,0,5,Satisfied
Female,Disloyal Customer,29,Business,Economy Plus,1011,4,1,4,3,5,2,1,3,5,5,4,1,Neutral or Dissatisfied
Female,Loyal Customer,64,Personal,Business,4677,4,5,4,2,0,2,0,4,3,2,2,2,Satisfied
Male,Loyal Customer,43,Personal,Economy Plus,4986,1,2,0,3,4,0,0,5,2,5,3,4,Satisfied
Female,Loyal Customer,30,Business,Business,3775,3,5,2,5,1,3,0,4,4,0,4,4,Satisfied
Male,Disloyal Customer,50,Business,Business,2849,4,2,1,2,0,4,2,0,3,1,4,1,Neutral or Dissatisfied
Female,Disloyal Customer,69,Personal,Economy,4841,5,3,4,5,2,5,0,3,3,0,5,4,Neutral or Dissatisfied
Female,Loyal Customer,40,Personal,Business,2691,0,1,2,5,5,1,2,5,5,1,2,3,Neutral or Dissatisfied
Female,Disloyal Customer,65,Personal,Business,4391,0,1,3,4,3,2,0,2,5,4,2,0,Satisfied
Male,Loyal Customer,59,Business,Business,825,3,5,4,3,5,1,5,3,0,2,3,4,Satisfied
Male,Loyal Customer,52,Personal,Economy,3020,0,5,3,4,5,1,0,1,3,1,2,4,Neutral or Dissatisfied
Female,Loyal Customer,64,Business,Business,4529,0,2,4,0,2,5,5,3,2,1,4,0,Neutral or Dissatisfied
Male,Loyal Customer,60,Business,Economy Plus,4778,4,0,1,1,0,1,5,0,3,2,0,2,Satisfied
Male,Loyal Customer,55,Business,Economy,876,0,4,2,0,0,3,5,0,3,2,0,4,Satisfied
Female,Loyal Customer,54,Business,Economy Plus,2572,4,0,4,0,3,4,5,3,1,0,0,2,Neutral or Dissatisfied
Female,Disloyal Customer,27,Personal,Economy,1119,2,4,3,4,1,1,0,2,0,3,1,0,Neutral or Dissatisfied
Female,Disloyal Customer,61,Personal,Business,2804,3,5,4,0,2,2,4,0,0,0,4,1,Neutral or Dissatisfied
Male,Loyal Customer,24,Business,Business,1951,5,2,5,4,0,0,1,0,0,0,1,4,Neutral or Dissatisfied
Male,Disloyal Customer,40,Business,Economy,1540,3,0,2,0,5,0,0,2,5,0,0,4,Satisfied
Male,Disloyal Customer,34,Personal,Economy Plus,3425,1,0,2,5,2,5,0,0,1,5,2,0,Neutral or Dissatisfied
Male,Loyal Customer,42,Business,Economy,1665,3,0,0,1,1,2,2,0,1,3,3,4,Satisfied
Male,Loyal Customer,46,Business,Business,270,0,2,1,4,0,5,4,2,3,3,5,0,Satisfied
Male,Loyal Customer,23,Business,Business,1470,2,5,3,2,4,4,4,0,3,2,1,3,Neutral or Dissatisfied
Female,Disloyal Customer,55,Business,Economy,1732,5,4,3,3,3,1,3,5,3,4,3,0,Satisfied
Male,Loyal Customer,61,Personal,Business,4160,1,0,2,2,3,1,3,2,5,2,4,4,Neutral or Dissatisfied
Female,Disloyal Customer,36,Business,Business,4376,3,5,5,4,4,5,1,3,0,5,2,2,Neutral or Dissatisfied
Male,Loyal Customer,58,Business,Economy Plus,4665,1,0,3,5,5,3,1,2,0,3,1,0,Neutral or Dissatisfied
Female,Disloyal Customer,51,Personal,Business,1496,2,3,1,2,1,5,2,3,1,5,4,2,Neutral or Dissatisfied
Male,Disloyal Customer,52,Personal,Economy Plus,3785,0,1,3,5,3,5,3,5,5,5,3,0,Satisfied
Male,Disloyal Customer,69,Personal,Economy,1233,1,5,4,4,4,2,1,4,3,3,0,2,Neutral or Dissatisfied
Female,Disloyal Customer,32,Personal,Economy Plus,1278,5,1,3,1,5,3,5,2,0,5,1,0,Neutral or Dissatisfied
Female,Disloyal Customer,35,Business,Business,2428,4,4,2,5,2,4,3,2,1,4,5,3,Neutral or Dissatisfied
Male,Loyal Customer,21,Personal,Economy Plus,3478,3,3,1,5,0,4,1,2,0,1,2,3,Neutral or Dissatisfied
Male,Loyal Customer,34,Business,Economy Plus,482,5,1,5,5,1,3,5,0,1,4,4,3,Satisfied
Male,Disloyal Customer,52,Business,Economy,4809,3,5,1,3,3,0,4,4,1,1,5,5,Satisfied
Female,Loyal Customer,54,Business,Economy Plus,4044,2,3,4,5,0,4,1,3,5,2,0,4,Satisfied
Female,Loyal Customer,37,Business,Economy,1886,2,3,0,0,4,0,4,0,1,5,3,2,Satisfied
Female,Loyal Customer,21,Personal,Economy,160,5,5,4,2,1,5,0,5,2,1,0,5,Neutral or Dissatisfied
Female,Disloyal Customer,61,Business,Economy Plus,4574,3,2,4,1,2,5,0,5,2,0,2,0,Neutral or Dissatisfied
Male,Disloyal Customer,23,Personal,Business,4998,1,4,0,2,2,0,4,1,5,4,1,3,Satisfied
Male,Loyal Customer,64,Personal,Economy Plus,1298,4,3,0,5,4,1,5,2,4,0,3,5,Satisfied
Female,Disloyal Customer,62,Personal,Business,1164,5,2,1,0,0,1,4,5,3,2,4,0,Neutral or Dissatisfied
Female,Loyal Customer,51,Personal,Economy,1274,0,0,3,0,0,4,2,5,1,5,2,3,Neutral or Dissatisfied
Male,Disloyal Customer,68,Business,Business,3412,0,2,4,4,3,5,1,3,4,0,1,3,Neutral or Dissatisfied
Male,Loyal Customer,36,Personal,Economy Plus,3100,2,0,3,1,3,0,2,3,4,3,1,5,Satisfied
Female,Disloyal Customer,68,Personal,Business,3006,2,1,1,4,0,5,0,3,4,1,3,0,Satisfied
Male,Disloyal Customer,66,Personal,Economy,3893,2,0,1,3,0,4,1,1,1,1,3,3,Neutral or Dissatisfied
Female,Loyal Customer,19,Personal,Economy Plus,4261,0,0,0,4,0,2,0,2,2,5,3,5,Satisfied
Male,Loyal Customer,68,Business,Business,707,4,2,1,2,4,3,3,0,4,4,5,3,Satisfied
Female,Disloyal Customer,64,Personal,Economy,813,3,1,5,5,4,5,4,0,5,4,2,3,Neutral or Dissatisfied
Male,Loyal Customer,50,Business,Economy Plus,3361,0,2,0,5,1,4,0,1,3,0,2,4,Neutral or Dissatisfied
Female,Disloyal Customer,61,Business,Economy Plus,2346,3,1,0,1,0,2,5,3,0,5,1,1,Neutral or Dissatisfied
Male,Disloyal Customer,46,Business,Economy,1404,0,5,1,0,3,4,4,1,4,5,3,4,Satisfied
Female,Loyal Customer,25,Business,Economy,2365,2,3,3,2,2,5,4,1,1,1,1,2,Satisfied
Male,Disloyal Customer,23,Personal,Economy,3393,1,1,0,3,1,3,0,3,2,5,4,3,Neutral or Dissatisfied
Female,Loyal Customer,48,Personal,Economy,614,5,5,2,4,2,4,5,0,4,4,1,0,Neutral or Dissatisfied
Female,Disloyal Customer,42,Personal,Economy,2693,4,1,5,3,1,3,5,2,5,3,5,4,Neutral or Dissatisfied
Male,Disloyal Customer,40,Personal,Business,3043,2,1,0,5,2,0,2,1,3,0,1,0,Satisfied
Male,Disloyal Customer,35,Business,Economy,2123,0,5,5,1,1,4,4,1,2,4,5,1,Satisfied
Female,Loyal Customer,38,Business,Business,1473,3,0,4,2,0,3,1,2,1,5,4,3,Satisfied
Male,Loyal Customer,20,Business,Economy,4327,3,0,1,5,3,5,5,3,3,2,5,0,Neutral or Dissatisfied
Female,Disloyal Customer,57,Business,Economy,1735,5,3,4,5,0,4,5,0,2,3,0,1,Satisfied
Female,Loyal Customer,63,Personal,Business,3707,4,5,1,1,1,3,2,4,0,5,5,1,Satisfied
Male,Loyal Customer,63,Personal,Economy Plus,2703,3,4,4,4,5,3,5,5,4,5,0,5,Satisfied
Male,Loyal Customer,29,Personal,Business,1133,2,5,1,0,3,2,4,4,5,5,2,4,Neutral or Dissatisfied
Male,Loyal Customer,30,Business,Business,3327,4,5,4,2,5,0,0,0,0,1,4,1,Neutral or Dissatisfied
Male,Loyal Customer,41,Personal,Economy,3041,0,4,3,4,5,2,3,1,3,3,4,0,Satisfied
Male,Loyal Customer,25,Business,Economy,2407,4,3,1,5,5,5,4,0,4,3,5,1,Satisfied
Male,Loyal Customer,19,Business,Economy,4268,5,1,1,5,2,5,1,3,2,5,3,2,Satisfied
Female,Loyal Customer,66,Business,Economy Plus,2686,5,0,0,0,1,3,3,5,1,4,1,3,Neutral or Dissatisfied
Male,Disloyal Customer,36,Business,Business,4171,3,2,1,2,1,0,4,3,2,4,0,2,Neutral or Dissatisfied
Female,Disloyal Customer,52,Business,Economy,3058,0,3,5,5,4,1,3,3,2,0,2,3,Neutral or Dissatisfied
Female,Loyal Customer,49,Business,Economy,279,1,4,2,2,5,2,0,3,2,0,2,5,Satisfied
Male,Loyal Customer,25,Business,Business,254,5,1,4,4,0,3,2,0,3,2,4,3,Neutral or Dissatisfied
Female,Loyal Customer,48,Personal,Business,240,3,2,2,4,4,3,1,0,0,5,4,3,Neutral or Dissatisfied
Male,Disloyal Customer,49,Personal,Economy Plus,4139,3,5,1,0,1,2,1,3,5,0,2,2,Neutral or Dissatisfied
Male,Loyal Customer,45,Business,Economy Plus,4497,1,2,0,5,3,0,0,5,1,2,5,5,Neutral or Dissatisfied
Male,Loyal Customer,26,Business,Economy Plus,4083,2,3,0,4,2,1,4,0,0,4,0,4,Neutral or Dissatisfied
Male,Loyal Customer,35,Business,Economy,1138,5,1,3,5,4,1,2,4,4,4,2,5,Satisfied
Male,Disloyal Customer,69,Personal,Economy Plus,1774,0,1,0,0,3,4,0,1,1,1,4,5,Neutral or Dissatisfied
Male,Loyal Customer,59,Personal,Economy Plus,1565,3,3,2,3,5,3,5,4,1,3,2,4,Satisfied
Female,Loyal Customer,53,Business,Economy Plus,3502,4,0,5,5,5,0,4,0,1,0,3,5,Neutral or Dissatisfied
Male,Disloyal Customer,20,Business,Business,246,3,0,3,2,1,5,3,1,0,5,0,3,Neutral or Dissatisfied
Female,Loyal Customer,26,Personal,Economy Plus,1759,5,0,0,3,2,2,3,3,1,3,3,2,Satisfied
Female,Loyal Customer,62,Personal,Economy Plus,4271,4,3,3,3,5,3,3,0,5,0,0,2,Neutral or Dissatisfied
Male,Disloyal Customer,49,Personal,Economy,3983,4,5,1,1,4,1,3,2,4,3,0,0,Neutral or Dissatisfied
Male,Disloyal Customer,61,Personal,Business,1803,4,3,0,4,0,5,4,3,3,0,1,5,Neutral or Dissatisfied
Male,Loyal Customer,50,Personal,Business,298,0,4,0,5,5,5,5,0,4,0,0,3,Neutral or Dissatisfied
Male,Loyal Customer,22,Personal,Business,1513,4,4,3,4,0,5,5,1,1,3,4,5,Neutral or Dissatisfied
Female,Disloyal Customer,30,Personal,Economy,4895,2,3,2,1,0,2,5,4,1,0,4,4,Neutral or Dissatisfied
Female,Disloyal Customer,34,Personal,Economy Plus,1753,1,1,2,5,4,2,5,5,2,0,3,4,Satisfied
Female,Loyal Customer,54,Business,Business,4483,3,3,5,0,5,1,3,4,4,5,5,2,Satisfied
Female,Disloyal Customer,58,Business,Business,4575,1,0,5,3,1,4,2,2,4,3,5,2,Satisfied
Male,Disloyal Customer,28,Business,Economy,352,4,3,1,4,0,5,1,2,4,5,2,1,Neutral or Dissatisfied
Male,Disloyal Customer,60,Personal,Economy,218,0,2,2,1,1,1,1,0,1,0,3,4,Satisfied
Female,Loyal Customer,65,Personal,Economy Plus,4160,3,5,5,0,4,4,4,2,2,0,2,4,Neutral or Dissatisfied
Female,Loyal Customer,35,Personal,Business,966,5,0,5,5,5,0,0,4,1,2,5,5,Neutral or Dissatisfied
Male,Disloyal Customer,41,Personal,Business,3520,2,5,5,5,5,1,2,5,3,1,5,0,Satisfied
Male,Disloyal Customer,42,Personal,Economy,2426,1,5,1,1,5,5,3,4,2,3,1,2,Neutral or Dissatisfied
Female,Loyal Customer,48,Personal,Business,3493,3,5,4,3,4,2,2,1,2,0,2,0,Neutral or Dissatisfied
Male,Disloyal Customer,61,Business,Economy Plus,1432,1,3,4,3,5,1,3,2,0,3,4,0,Satisfied
Male,Loyal Customer,55,Business,Economy,2294,5,2,1,1,4,3,5,3,2,2,2,1,Satisfied
Male,Disloyal Customer,59,Business,Economy,1070,1,5,0,5,3,0,5,1,0,4,5,4,Satisfied
Male,Loyal Customer,58,Business,Business,1447,5,1,2,4,1,5,2,0,4,0,5,0,Neutral or Dissatisfied
Female,Loyal Customer,52,Business,Economy Plus,994,5,3,5,3,0,1,4,1,5,0,3,2,Satisfied
Female,Loyal Customer,68,Personal,Economy Plus,4363,2,1,3,3,2,2,1,2,4,2,3,4,Satisfied
Male,Disloyal Customer,21,Business,Economy,2889,2,4,5,4,4,3,5,1,2,0,2,1,Neutral or Dissatisfied
Female,Disloyal Customer,63,Personal,Economy Plus,4307,2,4,3,3,5,5,0,1,1,4,1,5,Satisfied
Male,Loyal Customer,18,Business,Business,3886,0,0,3,2,1,0,4,0,3,5,3,3,Satisfied
Female,Disloyal Customer,31,Business,Business,569,3,5,0,2,4,4,5,5,5,2,1,3,Satisfied
Male,Disloyal Customer,24,Personal,Economy Plus,1571,2,1,2,0,3,0,5,5,0,5,2,5,Satisfied
Female,Disloyal Customer,38,Business,Economy Plus,1727,3,1,1,4,4,5,4,2,1,3,5,5,Satisfied
Male,Loyal Customer,58,Business,Economy,726,0,0,2,2,1,1,5,1,4,2,5,5,Satisfied
Female,Disloyal Customer,33,Personal,Economy Plus,4639,5,3,2,1,5,3,3,0,5,5,0,5,Satisfied
Female,Disloyal Customer,51,Personal,Economy Plus,2387,0,2,1,4,2,3,1,2,3,5,5,3,Satisfied
Female,Disloyal Customer,64,Business,Economy,172,5,5,2,2,1,3,1,5,4,2,1,2,Neutral or Dissatisfied
Female,Loyal Customer,30,Personal,Economy,3830,4,4,3,2,5,2,5,3,0,1,5,5,Satisfied
Female,Loyal Customer,40,Business,Business,415,4,0,2,4,4,3,2,3,0,0,0,3,Neutral or Dissatisfied
Female,Loyal Customer,42,Personal,Business,2849,2,5,1,0,2,0,0,1,3,3,3,3,Satisfied
Female,Disloyal Customer,42,Personal,Economy,1652,3,5,1,0,4,3,5,3,1,1,0,3,Satisfied
Female,Disloyal Customer,65,Business,Economy,3315,2,0,5,1,2,3,3,5,1,3,1,5,Neutral or Dissatisfied
Male,Loyal Customer,66,Business,Business,2539,3,4,2,5,2,2,1,4,4,3,2,2,Neutral or Dissatisfied
Male,Loyal Customer,40,Business,Economy Plus,2333,5,2,2,4,5,5,2,4,2,2,4,1,Neutral or Dissatisfied
Male,Loyal Customer,44,Business,Business,4846,1,4,4,4,3,2,4,3,5,2,0,0,Satisfied
Male,Disloyal Customer,23,Business,Business,4769,4,3,5,2,2,1,4,1,4,4,3,5,Neutral or Dissatisfied
Female,Disloyal Customer,41,Personal,Business,183,0,5,5,3,5,4,2,1,3,4,0,4,Neutral or Dissatisfied
Male,Disloyal Customer,55,Personal,Economy,2467,3,4,4,1,5,5,4,1,4,3,2,0,Satisfied
Female,Disloyal Customer,61,Business,Business,1205,0,4,1,5,4,2,0,1,3,4,0,1,Neutral or Dissatisfied
Male,Loyal Customer,44,Business,Business,1664,1,1,5,4,0,3,4,2,4,4,0,5,Neutral or Dissatisfied
Female,Disloyal Customer,26,Personal,Economy Plus,3894,0,4,4,3,4,4,0,2,0,1,0,5,Neutral or Dissatisfied
Male,Disloyal Customer,31,Business,Economy,495,3,4,4,2,0,5,3,2,4,2,4,0,Satisfied
Male,Disloyal Customer,18,Personal,Economy,2481,5,5,5,1,2,1,5,3,4,2,2,4,Satisfied
Male,Loyal Customer,34,Business,Business,484,1,5,4,1,3,0,5,0,2,1,0,0,Neutral or Dissatisfied
Female,Loyal Customer,63,Business,Economy,2411,2,0,0,0,3,2,2,5,5,4,1,1,Satisfied
Male,Disloyal Customer,38,Business,Business,753,5,5,5,0,4,0,5,0,1,1,0,0,Neutral or Dissatisfied
Male,Loyal Customer,55,Personal,Economy,1473,2,5,4,2,3,2,3,3,2,3,5,3,Neutral or Dissatisfied
Male,Loyal Customer,24,Business,Business,792,3,2,5,1,3,3,0,3,2,4,5,4,Neutral or Dissatisfied
Female,Disloyal Customer,59,Business,Business,2098,3,0,1,0,2,1,1,5,2,3,5,0,Neutral or Dissatisfied
Male,Loyal Customer,23,Personal,Business,3623,1,3,5,3,5,3,2,2,1,0,3,4,Neutral or Dissatisfied
Female,Loyal Customer,44,Business,Business,4027,5,3,0,5,2,3,4,0,3,1,4,5,Neutral or Dissatisfied
Female,Loyal Customer,63,Personal,Business,4368,0,5,2,5,0,0,4,0,1,4,5,1,Satisfied
Male,Loyal Customer,20,Business,Business,2099,3,4,3,5,0,2,1,0,4,3,1,3,Satisfied
Male,Loyal Customer,65,Business,Business,3031,1,1,4,1,2,2,5,3,4,0,5,1,Satisfied
Female,Disloyal Customer,47,Personal,Economy,1288,2,0,2,5,5,1,4,4,4,4,3,4,Neutral or Dissatisfied
Female,Disloyal Customer,44,Business,Economy Plus,552,3,1,5,2,2,2,1,4,2,1,0,0,Satisfied
Female,Disloyal Customer,54,Business,Economy,2780,0,0,0,4,5,4,3,1,3,4,3,2,Neutral or Dissatisfied
Male,Disloyal Customer,38,Personal,Economy,3950,0,2,4,3,2,3,3,2,5,2,5,0,Satisfied
Female,Disloyal Customer,57,Business,Economy Plus,679,3,5,0,0,0,4,4,0,1,1,5,2,Neutral or Dissatisfied
Male,Disloyal Customer,57,Business,Economy,4531,0,5,3,3,1,3,2,3,1,3,3,1,Satisfied
Male,Disloyal Customer,32,Personal,Economy,4432,4,5,1,0,3,0,2,0,4,5,3,2,Neutral or Dissatisfied
Male,Loyal Customer,47,Personal,Economy Plus,4418,1,1,5,3,4,2,5,1,3,2,0,4,Neutral or Dissatisfied
Male,Loyal Customer,48,Business,Economy,4395,0,4,3,3,5,0,4,4,4,1,0,4,Satisfied
Male,Loyal Customer,65,Business,Economy Plus,4231,2,4,0,0,1,4,4,5,3,3,1,1,Satisfied
Female,Loyal Customer,46,Personal,Economy Plus,4747,5,2,3,2,1,1,2,2,5,3,3,2,Neutral or Dissatisfied
Female,Disloyal Customer,65,Business,Economy Plus,3539,2,3,1,3,4,5,4,4,2,0,2,5,Satisfied
Male,Disloyal Customer,59,Personal,Business,3112,2,0,3,2,1,2,0,5,2,0,2,4,Satisfied
Male,Disloyal Customer,23,Business,Economy Plus,140,4,1,4,3,2,4,1,2,5,3,5,3,Satisfied
Female,Loyal Customer,47,Personal,Economy Plus,1404,0,2,2,2,1,4,3,0,2,2,0,3,Neutral or Dissatisfied
Male,Loyal Customer,51,Personal,Economy Plus,3619,2,1,4,4,3,1,5,4,5,2,5,0,Neutral or Dissatisfied
Male,Disloyal Customer,42,Business,Economy Plus,779,4,2,5,4,0,5,2,3,4,4,2,2,Neutral or Dissatisfied
Male,Disloyal Customer,23,Business,Economy Plus,1130,3,0,2,1,3,3,4,5,5,2,2,1,Satisfied
Female,Disloyal Customer,26,Business,Economy Plus,404,4,3,0,3,0,1,4,3,0,4,5,0,Satisfied
Male,Loyal Customer,47,Business,Economy Plus,460,3,4,5,4,5,1,2,3,5,2,1,2,Satisfied
Female,Disloyal Customer,59,Business,Business,1701,5,2,4,1,3,0,5,2,1,2,4,0,Satisfied
Male,Loyal Customer,27,Business,Economy Plus,4014,5,2,4,1,2,1,2,3,5,0,1,4,Satisfied
Female,Disloyal Customer,29,Personal,Economy Plus,3361,1,5,2,2,2,4,1,5,0,3,0,0,Satisfied
Female,Loyal Customer,48,Personal,Economy,805,2,3,3,3,3,3,5,0,4,4,4,4,Satisfied
Male,Loyal Customer,44,Personal,Economy,448,5,0,2,5,5,5,4,3,2,1,5,4,Satisfied
Male,Disloyal Customer,59,Personal,Economy Plus,3780,2,1,5,2,4,1,3,0,5,2,0,2,Neutral or Dissatisfied
Male,Loyal Customer,42,Business,Business,2361,2,1,1,3,3,2,2,2,1,0,2,2,Satisfied
Female,Disloyal Customer,65,Business,Economy Plus,1998,1,5,3,0,3,0,3,4,5,3,5,3,Neutral or Dissatisfied
Male,Disloyal Customer,47,Business,Economy Plus,4142,3,2,4,5,1,0,2,1,2,1,5,1,Satisfied
Male,Loyal Customer,58,Business,Business,3040,3,3,5,2,0,1,0,3,5,2,5,0,Neutral or Dissatisfied
Male,Disloyal Customer,56,Personal,Economy,2076,5,2,4,3,3,2,4,4,0,2,5,4,Satisfied
Male,Disloyal Customer,18,Business,Economy Plus,3059,5,2,3,1,0,0,0,4,2,3,0,4,Satisfied
Female,Loyal Customer,62,Business,Economy Plus,937,4,0,0,1,0,3,0,0,3,0,0,1,Satisfied
Male,Disloyal Customer,67,Business,Economy,2166,2,1,3,3,4,5,2,0,1,2,0,3,Satisfied
Male,Loyal Customer,44,Business,Business,483,5,1,5,1,0,5,4,0,5,5,1,1,Satisfied
Female,Disloyal Customer,29,Business,Economy,3806,0,4,5,2,4,5,2,1,1,3,3,4,Satisfied
Female,Loyal Customer,28,Business,Business,102,0,4,2,1,2,4,0,0,4,3,5,0,Satisfied
Male,Loyal Customer,62,Personal,Business,3256,4,0,3,4,4,2,3,2,1,2,2,1,Satisfied
Female,Disloyal Customer,27,Personal,Economy Plus,4894,0,0,3,3,1,3,4,0,0,0,5,4,Satisfied
Female,Disloyal Customer,58,Personal,Economy Plus,2455,1,4,1,1,3,2,0,4,0,1,3,1,Satisfied
Female,Disloyal Customer,30,Business,Business,1259,2,1,2,2,2,5,4,2,2,4,3,0,Neutral or Dissatisfied
Male,Disloyal Customer,37,Personal,Economy,3935,0,2,1,5,4,3,0,3,3,2,1,0,Neutral or Dissatisfied
Male,Disloyal Customer,27,Personal,Economy,3407,5,4,4,2,1,1,0,4,0,5,1,1,Satisfied
Female,Loyal Customer,44,Personal,Business,1377,3,4,0,2,1,4,2,5,2,0,3,3,Satisfied
Male,Disloyal Customer,25,Personal,Economy Plus,558,2,1,1,4,5,1,4,4,3,5,1,1,Satisfied
Male,Loyal Customer,24,Personal,Business,955,0,5,0,3,1,2,3,5,4,2,2,0,Neutral or Dissatisfied
Female,Loyal Customer,49,Personal,Economy Plus,2414,4,5,4,5,2,5,1,1,5,4,1,2,Neutral or Dissatisfied
Male,Disloyal Customer,26,Personal,Business,2489,2,4,1,1,2,4,1,1,3,4,3,2,Satisfied
Female,Disloyal Customer,60,Personal,Economy Plus,4069,1,2,3,0,4,0,2,2,3,1,5,0,Satisfied
Male,Disloyal Customer,53,Personal,Economy Plus,2635,0,5,5,2,3,5,0,0,3,1,2,5,Neutral or Dissatisfied
Female,Loyal Customer,67,Business,Business,4013,3,4,5,4,4,1,2,0,4,0,5,0,Satisfied
Male,Disloyal Customer,40,Business,Economy,1745,1,0,3,1,2,5,0,2,5,5,5,0,Satisfied
Male,Disloyal Customer,23,Business,Business,510,5,4,5,5,3,5,2,3,4,1,1,4,Satisfied
Female,Disloyal Customer,25,Business,Business,4076,0,0,5,4,0,3,3,3,5,4,3,1,Neutral or Dissatisfied
Male,Disloyal Customer,54,Personal,Business,1965,3,3,3,4,2,0,3,1,2,5,5,1,Neutral or Dissatisfied
Female,Loyal Customer,60,Business,Business,2717,5,5,0,3,2,5,3,2,0,2,0,2,Neutral or Dissatisfied
Female,Disloyal Customer,55,Personal,Economy Plus,262,2,4,2,5,3,4,4,2,5,4,4,0,Neutral or Dissatisfied
Female,Disloyal Customer,64,Business,Economy Plus,2041,4,3,2,4,5,0,3,0,0,0,3,4,Neutral or Dissatisfied
Female,Loyal Customer,50,Business,Economy Plus,2716,3,5,3,4,0,0,5,5,5,1,3,0,Satisfied
Male,Disloyal Customer,28,Business,Economy,3501,3,4,3,3,2,2,2,0,5,2,3,1,Satisfied
Female,Loyal Customer,32,Business,Economy Plus,4411,4,4,1,4,0,5,0,0,4,2,5,2,Satisfied
Male,Disloyal Customer,31,Business,Economy,1591,5,2,5,1,2,1,2,3,4,0,1,2,Satisfied
Male,Loyal Customer,27,Personal,Business,2973,1,1,2,4,2,3,0,2,2,3,2,2,Neutral or Dissatisfied
Female,Loyal Customer,56,Business,Economy Plus,785,4,0,5,0,0,4,0,1,2,4,4,0,Neutral or Dissatisfied
Female,Loyal Customer,28,Personal,Business,3230,3,0,5,1,2,1,1,4,5,4,2,0,Neutral or Dissatisfied
Male,Loyal Customer,27,Business,Economy Plus,4232,4,1,0,4,3,1,5,0,3,4,0,0,Neutral or Dissatisfied
Male,Loyal Customer,62,Business,Business,1473,2,0,1,3,1,4,5,5,0,3,3,1,Neutral or Dissatisfied
Male,Loyal Customer,25,Personal,Business,4129,5,4,3,4,4,3,3,0,5,5,5,1,Satisfied
Male,Loyal Customer,46,Business,Economy Plus,4991,1,5,1,4,1,3,2,2,1,0,3,5,Neutral or Dissatisfied
Female,Loyal Customer,69,Personal,Business,3757,0,0,1,3,0,4,0,4,1,2,4,3,Satisfied
Female,Loyal Customer,20,Business,Economy,3989,5,4,0,2,1,1,3,2,5,5,3,2,Satisfied
Female,Disloyal Customer,29,Personal,Economy Plus,592,1,3,0,4,4,0,4,3,3,5,2,3,Satisfied
Female,Disloyal Customer,52,Personal,Economy Plus,3696,3,2,4,4,0,2,0,3,0,0,5,1,Satisfied
Male,Disloyal Customer,65,Personal,Economy,4021,3,4,0,3,4,5,0,3,0,4,0,5,Satisfied
Male,Disloyal Customer,67,Business,Economy Plus,537,5,5,0,0,2,2,5,0,5,5,2,3,Neutral or Dissatisfied
Female,Loyal Customer,20,Business,Economy,1293,5,4,2,1,2,2,2,5,2,2,2,3,Neutral or Dissatisfied
Male,Loyal Customer,38,Business,Economy Plus,2686,1,1,4,5,2,2,0,0,0,2,2,1,Neutral or Dissatisfied
Female,Loyal Customer,49,Business,Economy,3757,5,5,3,3,2,2,2,1,0,1,2,3,Satisfied
Female,Disloyal Customer,40,Personal,Economy Plus,2660,0,2,5,4,5,3,0,3,2,1,1,0,Neutral or Dissatisfied
Female,Disloyal Customer,63,Business,Business,3464,1,4,4,0,1,0,2,4,5,0,3,0,Satisfied
Male,Loyal Customer,67,Business,Economy,2106,4,0,3,0,0,3,5,5,3,0,4,3,Neutral or Dissatisfied
Female,Disloyal Customer,46,Personal,Business,409,1,2,4,2,3,0,2,4,4,3,2,3,Satisfied
Male,Disloyal Customer,53,Personal,Economy Plus,818,5,2,5,5,4,1,3,1,2,4,4,5,Satisfied
Female,Disloyal Customer,21,Business,Economy,2382,5,1,2,1,4,4,5,2,0,0,1,0,Satisfied
Male,Loyal Customer,24,Business,Economy Plus,1175,2,3,4,2,0,0,4,4,5,3,1,0,Neutral or Dissatisfied
Female,Loyal Customer,24,Business,Business,4579,3,0,5,5,2,2,5,5,1,4,1,2,Satisfied
Male,Loyal Customer,42,Personal,Economy,3001,3,3,1,5,0,1,0,2,0,0,2,1,Satisfied
Female,Loyal Customer,19,Business,Economy,4055,0,5,2,5,3,4,0,4,1,0,5,3,Neutral or Dissatisfied
Female,Loyal Customer,39,Personal,Business,4264,0,4,3,1,3,5,5,5,5,0,3,5,Neutral or Dissatisfied
Male,Disloyal Customer,45,Business,Business,4362,2,1,3,4,2,4,4,3,3,4,4,2,Satisfied
Male,Loyal Customer,22,Personal,Business,4128,2,3,3,5,1,0,4,3,4,4,1,4,Satisfied
Male,Loyal Customer,46,Personal,Business,1626,3,3,1,0,0,0,5,4,1,0,5,1,Neutral or Dissatisfied
Female,Loyal Customer,57,Personal,Business,865,4,4,0,5,2,5,1,4,1,1,5,5,Satisfied
Male,Loyal Customer,39,Business,Economy Plus,1888,3,3,2,3,3,5,5,2,5,4,3,1,Neutral or Dissatisfied
Male,Disloyal Customer,36,Personal,Economy,1689,2,3,0,1,3,5,4,2,0,4,2,0,Neutral or Dissatisfied
Female,Loyal Customer,58,Personal,Business,2833,5,1,4,0,1,2,5,1,3,4,5,5,Neutral or Dissatisfied
Male,Loyal Customer,20,Personal,Business,2647,5,0,3,1,1,5,4,1,1,0,2,2,Satisfied
Male,Disloyal Customer,21,Business,Business,3576,4,3,5,2,0,5,0,3,2,5,5,5,Neutral or Dissatisfied
Female,Loyal Customer,56,Personal,Business,1988,0,0,5,5,0,2,4,2,0,4,3,5,Satisfied
Female,Loyal Customer,34,Personal,Economy Plus,690,1,0,2,3,1,4,5,5,0,1,1,4,Neutral or Dissatisfied
Female,Disloyal Customer,28,Personal,Economy Plus,4650,1,2,3,1,0,3,3,1,0,5,2,4,Neutral or Dissatisfied
Male,Disloyal Customer,49,Personal,Business,4521,0,0,3,0,4,5,4,4,2,2,5,2,Satisfied
Male,Loyal Customer,27,Personal,Economy Plus,3512,2,3,1,4,5,5,5,3,2,4,4,3,Satisfied
Female,Disloyal Customer,68,Business,Business,1001,5,3,0,4,1,1,3,1,1,1,2,4,Satisfied
Female,Disloyal Customer,59,Business,Business,462,5,1,3,1,2,1,3,0,4,3,0,4,Satisfied
Male,Loyal Customer,43,Business,Economy,2561,5,1,0,3,1,3,3,3,4,3,4,1,Neutral or Dissatisfied
Male,Loyal Customer,52,Business,Business,1380,3,3,5,2,3,0,3,5,3,0,3,1,Satisfied
Female,Loyal Customer,43,Business,Economy Plus,2925,4,1,5,0,3,3,0,2,1,2,3,3,Neutral or Dissatisfied
Male,Loyal Customer,33,Business,Economy Plus,874,0,0,3,4,1,5,1,5,2,4,1,5,Neutral or Dissatisfied
Male,Disloyal Customer,65,Personal,Business,1046,3,2,1,2,0,4,3,4,2,4,2,5,Neutral or Dissatisfied
Female,Loyal Customer,62,Personal,Business,3235,5,4,2,1,5,1,1,2,1,1,3,1,Neutral or Dissatisfied
Male,Disloyal Customer,30,Personal,Economy,783,0,5,3,5,0,4,5,2,0,3,0,4,Satisfied
Female,Loyal Customer,46,Business,Economy,4956,2,4,5,4,0,4,3,2,3,2,0,4,Neutral or Dissatisfied
Female,Disloyal Customer,69,Personal,Economy,3395,5,4,5,4,5,1,3,2,3,4,2,1,Neutral or Dissatisfied
Female,Loyal Customer,65,Personal,Economy,201,4,4,2,4,3,3,2,0,5,0,5,4,Satisfied
Female,Disloyal Customer,40,Personal,Economy Plus,980,4,1,1,2,1,3,0,0,2,3,2,2,Satisfied
Male,Loyal Customer,19,Personal,Economy Plus,1449,3,3,2,4,2,1,1,4,5,1,3,5,Neutral or Dissatisfied
Female,Loyal Customer,49,Personal,Economy,668,2,3,3,5,2,3,1,3,2,1,3,5,Satisfied
Male,Loyal Customer,42,Business,Economy,2754,2,0,1,2,3,2,0,5,3,3,5,4,Satisfied
Female,Loyal Customer,69,Business,Economy Plus,3497,2,4,4,1,5,5,3,0,0,2,0,3,Neutral or Dissatisfied
Female,Disloyal Customer,24,Personal,Economy Plus,2895,5,1,3,5,2,1,0,5,3,5,3,1,Satisfied
Female,Disloyal Customer,67,Personal,Economy,2942,4,2,1,2,2,5,4,0,4,1,5,4,Neutral or Dissatisfied
Male,Disloyal Customer,23,Business,Business,2596,3,3,3,3,4,4,0,1,2,3,5,3,Neutral or Dissatisfied
Female,Disloyal Customer,58,Business,Economy Plus,354,2,5,2,0,2,4,0,5,5,0,0,4,Neutral or Dissatisfied
Female,Loyal Customer,54,Personal,Economy Plus,4436,2,0,0,4,3,0,3,3,1,4,0,1,Neutral or Dissatisfied
Male,Loyal Customer,40,Business,Business,4579,0,1,1,5,1,5,4,3,3,4,5,2,Neutral or Dissatisfied
Female,Loyal Customer,23,Business,Economy,1513,1,2,1,0,0,1,5,4,0,2,2,4,Satisfied
Male,Loyal Customer,31,Personal,Business,1019,1,3,2,2,3,5,1,5,5,0,4,5,Satisfied
Male,Loyal Customer,51,Personal,Economy Plus,4906,2,0,1,4,3,0,4,0,2,3,2,1,Neutral or Dissatisfied
Female,Disloyal Customer,41,Business,Economy,3992,5,5,4,3,4,1,2,5,5,5,2,3,Neutral or Dissatisfied
Female,Loyal Customer,21,Business,Business,1787,0,4,0,5,3,0,3,5,3,5,5,3,Satisfied
Female,Disloyal Customer,62,Business,Business,4894,2,3,5,4,0,2,1,2,2,0,4,5,Neutral or Dissatisfied
Male,Disloyal Customer,49,Business,Economy,4810,2,5,0,5,0,2,5,5,4,2,5,3,Satisfied
Male,Disloyal Customer,18,Personal,Economy,3932,4,0,4,2,1,2,3,4,5,2,3,5,Satisfied
Female,Disloyal Customer,64,Business,Business,3516,4,5,5,5,4,2,1,3,3,4,4,5,Satisfied
Male,Disloyal Customer,23,Business,Economy,1564,5,4,2,5,2,1,2,5,1,0,3,4,Neutral or Dissatisfied
Male,Disloyal Customer,65,Personal,Economy Plus,4489,0,2,2,0,4,5,0,0,4,2,2,0,Neutral or Dissatisfied
Female,Loyal Customer,28,Personal,Business,3545,0,2,5,0,3,3,3,0,1,3,0,3,Satisfied
Female,Loyal Customer,30,Business,Economy,3955,4,3,5,3,5,2,3,0,3,1,3,3,Satisfied
Female,Loyal Customer,18,Personal,Economy,1031,2,4,2,3,5,4,4,5,2,4,2,2,Satisfied
Female,Disloyal Customer,65,Business,Business,2929,2,0,2,4,3,0,5,4,0,4,4,5,Neutral or Dissatisfied
Female,Disloyal Customer,69,Business,Business,2423,3,2,5,4,2,2,3,3,4,4,2,4,Neutral or Dissatisfied
Male,Loyal Customer,19,Business,Economy Plus,2687,3,5,4,3,5,0,5,3,2,3,0,4,Satisfied
Male,Loyal Customer,36,Personal,Economy,4992,0,5,2,1,3,4,2,1,5,4,4,1,Satisfied
Female,Disloyal Customer,43,Personal,Economy Plus,4627,5,2,2,2,4,0,2,0,2,3,3,5,Neutral or Dissatisfied
Male,Disloyal Customer,47,Personal,Economy Plus,2842,0,0,0,2,2,2,4,5,5,5,3,4,Satisfied
Female,Loyal Customer,46,Personal,Business,2056,1,0,0,2,5,4,5,0,2,0,5,3,Satisfied
Male,Loyal Customer,66,Business,Economy,4959,1,5,2,4,2,5,4,5,3,5,5,1,Satisfied
Male,Loyal Customer,27,Personal,Economy,4727,5,5,3,4,4,3,4,4,3,5,5,3,Satisfied
Male,Loyal Customer,26,Personal,Economy Plus,1378,2,3,4,1,2,2,4,4,2,1,5,5,Satisfied
Male,Disloyal Customer,19,Personal,Economy Plus,1861,3,0,0,2,2,0,3,5,5,0,1,1,Satisfied
Male,Loyal Customer,44,Business,Business,3224,5,4,3,3,5,5,5,4,4,2,3,2,Satisfied
Female,Disloyal Customer,63,Business,Economy,4332,2,5,2,0,5,3,5,2,2,2,5,0,Neutral or Dissatisfied
Female,Loyal Customer,23,Business,Business,2256,1,0,5,1,0,5,1,0,3,3,0,4,Satisfied
Female,Loyal Customer,52,Business,Economy,2773,0,4,4,2,3,4,3,4,2,1,3,2,Satisfied
Male,Loyal Customer,61,Business,Business,4320,4,4,2,0,1,3,4,3,3,5,1,5,Satisfied
Male,Disloyal Customer,44,Business,Economy,3577,4,0,5,1,5,0,5,1,3,2,1,0,Neutral or Dissatisfied
Male,Disloyal Customer,66,Personal,Economy Plus,1805,4,3,4,2,1,5,2,5,1,3,3,1,Satisfied
Male,Disloyal Customer,28,Business,Economy,2040,2,0,1,1,1,0,3,4,0,5,2,0,Satisfied
Female,Loyal Customer,34,Business,Economy Plus,2180,4,3,2,3,4,1,2,4,4,1,3,3,Satisfied
Male,Disloyal Customer,44,Business,Economy,4323,4,3,1,5,4,4,2,5,0,1,2,5,Satisfied
Male,Loyal Customer,67,Personal,Economy Plus,873,4,4,0,1,5,3,5,0,5,4,1,3,Satisfied
Female,Disloyal Customer,28,Business,Economy,1672,2,2,4,2,0,3,3,1,5,1,5,5,Neutral or Dissatisfied
Male,Disloyal Customer,60,Business,Economy Plus,1199,2,3,2,1,3,5,4,5,4,0,4,4,Neutral or Dissatisfied
Female,Loyal Customer,18,Personal,Economy,1509,3,1,5,5,0,3,3,5,1,3,4,3,Satisfied
Female,Disloyal Customer,30,Business,Economy,4948,2,4,3,5,2,3,2,0,0,4,3,0,Satisfied
Male,Loyal Customer,41,Business,Economy Plus,845,0,4,3,3,3,0,3,0,1,3,5,1,Neutral or Dissatisfied
Female,Loyal Customer,50,Business,Economy,1814,0,0,3,0,5,4,5,2,1,4,0,4,Satisfied
Male,Disloyal Customer,56,Personal,Economy Plus,313,2,1,4,1,2,2,4,2,5,1,1,1,Satisfied
Male,Disloyal Customer,28,Business,Business,3542,4,3,3,4,5,5,4,5,3,0,4,1,Satisfied
Female,Loyal Customer,22,Business,Economy,2572,5,5,0,2,5,3,0,0,2,3,0,3,Neutral or Dissatisfied
Male,Loyal Customer,48,Personal,Economy Plus,2350,5,1,1,4,5,1,0,2,4,3,2,0,Satisfied
Female,Disloyal Customer,58,Business,Economy,1299,0,3,2,1,0,5,0,5,4,0,1,3,Satisfied
Female,Loyal Customer,52,Business,Economy Plus,2333,0,1,4,5,1,0,2,0,0,1,1,3,Satisfied
Male,Loyal Customer,24,Personal,Economy Plus,1695,4,4,4,3,3,4,2,5,5,2,5,1,Neutral or Dissatisfied
Male,Disloyal Customer,44,Business,Economy Plus,4882,4,3,1,5,3,4,2,2,4,2,4,5,Neutral or Dissatisfied
Male,Disloyal Customer,34,Personal,Business,3137,2,3,3,2,2,1,1,1,0,0,1,3,Satisfied
Female,Loyal Customer,48,Personal,Economy,3598,1,5,1,3,0,2,4,4,3,5,1,4,Satisfied
Female,Disloyal Customer,43,Personal,Business,729,2,1,0,1,2,1,1,0,5,1,1,5,Neutral or Dissatisfied
Male,Loyal Customer,44,Business,Business,3697,4,1,3,1,3,4,4,3,0,0,2,5,Neutral or Dissatisfied
Female,Loyal Customer,62,Personal,Business,2080,2,3,3,5,3,1,0,1,2,1,5,5,Satisfied
Female,Disloyal Customer,35,Personal,Economy,4261,0,4,0,0,1,1,2,3,0,5,4,2,Satisfied
Male,Loyal Customer,44,Business,Economy Plus,1983,0,0,0,5,4,0,3,3,5,4,5,5,Satisfied
Female,Loyal Customer,46,Personal,Economy,4720,3,5,4,2,2,4,3,4,3,3,1,0,Neutral or Dissatisfied
Male,Disloyal Customer,58,Personal,Economy,793,3,1,1,1,3,5,4,2,5,0,0,3,Neutral or Dissatisfied
Female,Disloyal Customer,27,Personal,Business,4727,1,0,0,2,4,1,4,5,0,4,4,3,Neutral or Dissatisfied
Male,Loyal Customer,53,Business,Economy,108,0,4,2,0,5,0,4,4,2,2,1,3,Satisfied
Male,Disloyal Customer,63,Business,Economy Plus,4262,2,2,5,3,2,2,3,2,0,4,2,4,Neutral or Dissatisfied
Female,Disloyal Customer,20,Personal,Business,1412,3,2,3,0,4,0,0,1,0,1,0,0,Neutral or Dissatisfied
Female,Disloyal Customer,36,Business,Economy Plus,4856,5,0,2,0,0,2,2,0,3,5,0,0,Neutral or Dissatisfied
Male,Loyal Customer,67,Business,Economy,603,2,1,2,2,3,3,4,0,1,0,1,1,Satisfied
Female,Loyal Customer,68,Business,Economy Plus,199,1,1,5,3,5,5,0,0,1,1,3,0,Satisfied
Male,Loyal Customer,39,Personal,Economy Plus,195,5,3,5,2,4,5,4,5,2,0,1,0,Satisfied
Female,Loyal Customer,41,Business,Business,2086,5,1,3,3,5,4,3,3,5,3,5,5,Neutral or Dissatisfied
Female,Disloyal Customer,31,Business,Business,2396,2,1,5,5,3,2,1,5,1,5,4,5,Neutral or Dissatisfied
Male,Loyal Customer,65,Personal,Economy Plus,1471,1,1,2,0,2,2,3,0,3,0,4,4,Neutral or Dissatisfied
Female,Disloyal Customer,56,Business,Economy Plus,1734,3,4,3,0,3,4,0,2,0,3,3,1,Neutral or Dissatisfied
Male,Loyal Customer,30,Business,Business,4497,5,4,4,4,0,4,5,1,3,2,3,1,Neutral or Dissatisfied
Male,Loyal Customer,52,Business,Economy,3503,2,2,0,3,3,5,1,3,2,5,3,4,Neutral or Dissatisfied
Male,Loyal Customer,31,Personal,Economy Plus,3882,3,3,0,4,0,3,2,0,5,0,4,4,Neutral or Dissatisfied
Female,Loyal Customer,52,Business,Economy Plus,3974,1,5,4,3,2,5,4,0,4,5,0,3,Satisfied
Female,Loyal Customer,24,Personal,Economy,2536,3,3,0,0,3,1,0,1,2,2,4,0,Neutral or Dissatisfied
Female,Disloyal Customer,27,Business,Business,642,5,4,3,3,0,5,3,0,1,4,0,1,Satisfied
Female,Loyal Customer,19,Business,Business,3949,5,5,2,4,0,1,3,5,1,0,5,5,Satisfied
Male,Disloyal Customer,38,Personal,Business,542,5,1,2,5,1,5,2,2,4,5,0,5,Satisfied
Female,Disloyal Customer,68,Personal,Business,3111,0,1,2,3,0,1,2,0,3,2,4,0,Satisfied
Male,Disloyal Customer,44,Business,Business,2176,4,1,1,3,1,4,3,1,4,1,5,0,Neutral or Dissatisfied
Female,Disloyal Customer,19,Business,Economy Plus,4389,3,4,1,3,5,2,4,5,5,1,3,2,Neutral or Dissatisfied
Male,Loyal Customer,59,Personal,Economy,1730,1,4,5,4,0,2,4,2,4,0,5,1,Satisfied
Male,Disloyal Customer,19,Personal,Economy Plus,4733,1,5,0,0,2,3,5,0,1,3,4,3,Neutral or Dissatisfied
Male,Loyal Customer,27,Personal,Economy Plus,4471,5,4,5,4,4,3,2,0,5,1,3,5,Neutral or Dissatisfied
Female,Loyal Customer,22,Business,Economy,2533,2,0,2,5,4,0,0,5,0,1,3,4,Neutral or Dissatisfied
Female,Disloyal Customer,23,Personal,Business,1259,3,2,5,3,5,1,3,5,3,2,2,2,Satisfied
Female,Loyal Customer,40,Business,Economy Plus,4124,0,0,0,2,5,3,0,0,2,0,0,2,Satisfied
Female,Loyal Customer,52,Business,Economy,2461,5,5,2,4,0,4,1,5,3,3,1,4,Satisfied
Female,Loyal Customer,43,Business,Economy Plus,1138,1,5,2,4,4,1,0,5,1,4,1,3,Satisfied
Male,Disloyal Customer,44,Personal,Economy Plus,2736,0,1,5,5,3,1,3,0,1,2,2,5,Neutral or Dissatisfied
Female,Disloyal Customer,43,Personal,Economy Plus,3854,1,0,0,1,3,1,4,2,3,1,0,1,Satisfied
Male,Loyal Customer,25,Personal,Business,3050,5,0,0,4,3,0,0,2,5,4,2,4,Satisfied
Male,Loyal Customer,50,Personal,Economy Plus,2182,3,4,1,5,5,1,5,0,1,0,2,2,Neutral or Dissatisfied
Male,Loyal Customer,38,Business,Economy Plus,109,0,4,3,0,1,3,4,5,2,3,4,5,Satisfied
Female,Disloyal Customer,20,Business,Business,1741,1,0,3,4,2,4,4,3,4,5,2,4,Satisfied
Male,Loyal Customer,69,Business,Business,3719,1,1,0,5,3,2,1,1,5,4,3,1,Satisfied
Female,Loyal Customer,53,Personal,Business,352,2,0,4,2,2,5,3,0,0,0,3,4,Satisfied
Male,Loyal Customer,26,Personal,Economy Plus,4497,2,2,1,2,0,5,4,5,0,0,5,2,Neutral or Dissatisfied
Female,Disloyal Customer,30,Business,Economy,3362,2,0,0,0,3,3,5,5,1,3,2,5,Satisfied
Female,Disloyal Customer,44,Business,Economy,4474,1,0,2,3,1,0,2,2,4,3,5,3,Neutral or Dissatisfied
Female,Disloyal Customer,66,Business,Business,1555,2,3,3,4,1,0,4,3,2,4,5,0,Satisfied
Female,Loyal Customer,59,Personal,Economy,350,1,5,0,1,0,5,5,5,5,2,2,1,Satisfied
Female,Loyal Customer,22,Personal,Economy Plus,2211,5,0,3,3,3,5,3,4,2,3,3,1,Satisfied
Male,Disloyal Customer,41,Business,Business,2403,2,5,0,5,1,2,3,1,4,0,4,4,Satisfied
Female,Disloyal Customer,25,Personal,Business,2717,0,1,3,4,0,4,2,4,0,0,3,0,Neutral or Dissatisfied
Male,Loyal Customer,28,Personal,Business,1070,0,2,0,2,1,5,4,4,4,3,3,2,Neutral or Dissatisfied
Female,Disloyal Customer,62,Business,Business,2874,4,3,2,0,2,3,3,4,5,2,5,1,Neutral or Dissatisfied
Male,Loyal Customer,61,Personal,Economy Plus,2466,2,4,0,2,0,1,1,3,1,2,3,4,Satisfied
Female,Disloyal Customer,27,Business,Economy Plus,2796,2,1,5,5,2,5,5,3,4,0,1,4,Neutral or Dissatisfied
Female,Loyal Customer,27,Business,Economy Plus,2592,3,0,2,4,2,0,1,2,4,2,4,2,Satisfied
Male,Disloyal Customer,67,Business,Economy,3991,3,4,3,1,2,0,0,0,4,1,5,4,Neutral or Dissatisfied
Male,Loyal Customer,44,Business,Economy Plus,2673,1,3,3,2,1,2,5,5,0,3,1,2,Satisfied
Male,Loyal Customer,58,Business,Economy,1523,4,1,3,2,3,5,0,2,3,1,4,0,Satisfied
Male,Disloyal Customer,62,Business,Economy,3326,0,5,0,5,2,0,1,1,4,5,5,1,Neutral or Dissatisfied
Female,Disloyal Customer,22,Personal,Economy Plus,195,5,5,5,5,4,0,3,1,1,4,4,3,Neutral or Dissatisfied
Female,Loyal Customer,54,Personal,Business,2082,3,0,4,1,3,5,5,0,0,5,4,3,Satisfied
Male,Loyal Customer,61,Personal,Business,2143,3,0,0,2,2,2,3,1,1,3,4,1,Satisfied
Male,Disloyal Customer,24,Personal,Economy,3629,1,1,5,4,3,0,3,4,3,0,1,4,Satisfied
Male,Loyal Customer,26,Personal,Economy,2743,5,4,3,2,5,5,3,4,1,0,5,3,Neutral or Dissatisfied
Female,Disloyal Customer,33,Business,Economy Plus,1201,4,3,0,4,1,2,5,3,3,2,1,0,Neutral or Dissatisfied
Male,Loyal Customer,30,Personal,Economy Plus,1195,2,2,1,4,1,0,3,3,4,1,3,0,Neutral or Dissatisfied
Female,Loyal Customer,34,Personal,Economy Plus,2544,2,1,2,3,1,2,1,4,2,1,1,4,Satisfied
Female,Loyal Customer,62,Personal,Business,2718,2,1,3,0,3,4,0,5,1,4,3,5,Neutral or Dissatisfied
Female,Loyal Customer,20,Personal,Business,336,0,4,2,1,0,2,4,5,1,4,4,1,Satisfied
Male,Loyal Customer,56,Personal,Economy Plus,1391,4,4,5,3,3,2,5,3,5,5,0,2,Satisfied
Male,Disloyal Customer,54,Business,Economy,4530,4,3,5,0,5,5,5,5,1,4,5,0,Neutral or Dissatisfied
Male,Loyal Customer,40,Personal,Economy Plus,1797,4,4,4,1,1,0,1,5,0,3,3,5,Neutral or Dissatisfied
Female,Loyal Customer,60,Business,Business,1784,1,3,1,4,5,2,3,0,4,3,5,4,Neutral or Dissatisfied
Male,Loyal Customer,67,Personal,Economy Plus,956,3,1,0,4,1,2,4,3,4,0,3,3,Satisfied
Male,Disloyal Customer,63,Personal,Economy,2427,4,1,4,4,4,1,5,4,4,0,0,4,Satisfied
Female,Loyal Customer,59,Business,Business,291,1,0,1,5,5,5,4,1,2,1,3,4,Satisfied
Male,Disloyal Customer,32,Personal,Business,1798,4,0,4,4,5,4,3,2,3,4,4,3,Neutral or Dissatisfied
Female,Disloyal Customer,53,Business,Economy,4516,0,4,4,3,5,0,4,2,0,4,2,3,Satisfied
Female,Loyal Customer,61,Business,Business,2304,1,3,0,5,0,4,5,0,4,5,0,2,Neutral or Dissatisfied
Female,Disloyal Customer,40,Personal,Economy,2086,1,0,3,3,1,0,2,0,2,3,0,2,Satisfied
Male,Loyal Customer,61,Personal,Business,3852,5,2,4,2,1,2,2,3,3,4,4,0,Satisfied
Female,Disloyal Customer,31,Personal,Business,4677,2,3,1,3,3,5,2,1,2,3,1,5,Satisfied
Female,Loyal Customer,33,Business,Economy Plus,4365,5,4,3,5,5,1,3,4,4,0,4,4,Neutral or Dissatisfied
Male,Disloyal Customer,60,Business,Business,3962,1,3,2,1,5,4,5,3,5,4,2,1,Satisfied
Male,Disloyal Customer,37,Personal,Business,4776,0,0,3,4,2,4,2,5,1,3,5,0,Neutral or Dissatisfied
Male,Disloyal Customer,49,Personal,Economy,1274,3,0,5,3,2,3,5,5,5,4,2,1,Neutral or Dissatisfied
Male,Disloyal Customer,40,Personal,Business,857,4,5,5,0,3,5,2,1,3,1,0,1,Satisfied
Male,Loyal Customer,69,Personal,Economy,3693,3,1,2,4,0,0,2,0,3,3,2,2,Satisfied
Female,Disloyal Customer,62,Personal,Economy,3899,2,2,1,4,0,5,2,1,5,1,2,2,Satisfied
Male,Disloyal Customer,52,Business,Economy,4753,2,4,5,1,2,2,3,2,4,3,4,1,Satisfied
Female,Disloyal Customer,55,Business,Business,2659,2,2,2,3,4,3,0,3,2,3,3,3,Neutral or Dissatisfied
Male,Disloyal Customer,21,Business,Economy,1583,0,2,2,4,3,5,0,1,4,3,1,1,Satisfied
Female,Loyal Customer,22,Business,Economy Plus,2518,0,2,0,0,0,3,1,5,1,2,2,2,Neutral or Dissatisfied
Male,Disloyal Customer,62,Personal,Economy Plus,4943,0,5,4,3,3,2,4,3,2,5,2,3,Neutral or Dissatisfied
Male,Loyal Customer,50,Personal,Business,1076,3,5,3,2,5,2,4,3,0,0,4,3,Neutral or Dissatisfied
Female,Loyal Customer,42,Business,Economy,3489,4,4,3,1,5,2,4,3,1,5,1,4,Neutral or Dissatisfied
Female,Loyal Customer,22,Business,Economy Plus,3423,3,1,5,1,3,3,3,0,0,0,4,4,Neutral or Dissatisfied
Female,Loyal Customer,37,Personal,Business,3093,1,2,0,1,5,4,3,0,5,1,0,4,Neutral or Dissatisfied
Female,Disloyal Customer,23,Personal,Economy Plus,3148,5,1,0,5,4,1,2,0,2,3,4,1,Neutral or Dissatisfied
Female,Loyal Customer,67,Business,Economy,4419,1,0,3,3,2,1,2,1,4,0,4,4,Satisfied
Male,Disloyal Customer,57,Business,Economy,967,0,1,3,4,2,5,0,2,1,1,1,3,Neutral or Dissatisfied
Female,Loyal Customer,22,Personal,Economy Plus,3189,2,4,2,3,4,2,1,4,2,4,3,1,Neutral or Dissatisfied
Female,Loyal Customer,32,Personal,Business,1390,5,3,3,1,4,5,1,2,0,2,4,4,Satisfied
Male,Disloyal Customer,29,Personal,Economy Plus,1801,5,3,0,4,2,5,2,3,5,2,0,4,Satisfied
Male,Disloyal Customer,63,Business,Economy,4127,4,0,3,0,1,4,0,1,1,1,3,2,Neutral or Dissatisfied
Female,Loyal Customer,52,Business,Economy Plus,3197,1,1,5,5,5,1,2,4,0,1,0,4,Satisfied
Female,Disloyal Customer,22,Business,Economy,245,2,3,2,1,3,5,2,0,1,3,2,0,Satisfied
Female,Disloyal Customer,35,Business,Business,1410,0,2,2,4,1,1,4,2,0,0,2,0,Neutral or Dissatisfied
Male,Disloyal Customer,69,Business,Economy,3922,2,4,4,0,1,2,1,1,5,4,5,3,Satisfied
Female,Loyal Customer,55,Personal,Business,703,4,2,3,2,5,3,3,4,0,3,4,1,Satisfied
Female,Loyal Customer,28,Personal,Economy Plus,2323,4,5,2,5,5,3,2,1,2,1,4,5,Satisfied
Male,Loyal Customer,58,Business,Economy,720,4,3,1,4,1,0,4,4,5,3,2,5,Neutral or Dissatisfied
Female,Disloyal Customer,48,Business,Economy Plus,1998,4,5,0,3,5,3,0,0,0,3,1,4,Neutral or Dissatisfied
Male,Disloyal Customer,50,Personal,Economy Plus,1431,3,1,4,4,3,0,5,1,4,0,3,3,Satisfied
Male,Disloyal Customer,26,Personal,Business,3592,1,3,2,4,1,2,0,3,5,0,3,4,Neutral or Dissatisfied
Male,Disloyal Customer,52,Personal,Business,1163,4,0,0,1,4,4,3,0,1,5,4,3,Satisfied
Female,Loyal Customer,65,Business,Economy,1519,5,5,2,0,2,1,3,1,1,4,1,1,Neutral or Dissatisfied
Female,Disloyal Customer,21,Personal,Business,4572,4,0,1,2,3,3,3,5,1,5,5,5,Neutral or Dissatisfied
Female,Disloyal Customer,47,Business,Business,821,4,5,3,5,3,3,5,4,0,2,5,0,Satisfied
Female,Loyal Customer,63,Personal,Economy Plus,2016,1,0,3,4,1,1,5,0,3,1,0,5,Satisfied
Male,Disloyal Customer,24,Personal,Economy Plus,2468,0,2,2,3,2,5,4,0,2,2,5,3,Neutral or Dissatisfied
Female,Loyal Customer,51,Personal,Economy,1048,0,5,1,2,1,2,2,3,1,5,1,1,Satisfied
Female,Disloyal Customer,65,Personal,Economy Plus,3756,1,3,4,3,1,1,5,4,0,2,4,5,Neutral or Dissatisfied
Male,Disloyal Customer,62,Personal,Economy,3659,0,1,5,4,1,0,2,0,1,0,4,5,Neutral or Dissatisfied
Female,Disloyal Customer,24,Business,Economy,4599,2,0,0,4,4,3,2,3,5,4,1,0,Neutral or Dissatisfied
Male,Loyal Customer,67,Personal,Economy Plus,3097,0,4,2,2,5,3,4,5,4,0,3,2,Neutral or Dissatisfied
Male,Disloyal Customer,44,Business,Economy Plus,2508,3,1,3,1,4,5,0,4,5,1,2,0,Satisfied
Female,Disloyal Customer,64,Personal,Business,3365,4,1,0,3,4,0,1,5,5,0,2,1,Neutral or Dissatisfied
Male,Loyal Customer,63,Personal,Economy Plus,2643,5,3,2,2,5,5,2,1,4,1,5,5,Satisfied
Female,Loyal Customer,60,Personal,Economy Plus,1781,4,3,5,5,0,0,1,3,4,3,4,5,Neutral or Dissatisfied
Female,Loyal Customer,28,Personal,Economy Plus,3025,2,3,3,5,0,2,5,4,1,1,1,1,Neutral or Dissatisfied
Female,Loyal Customer,67,Business,Business,3475,2,3,0,5,1,2,3,1,1,0,5,2,Neutral or Dissatisfied
Male,Disloyal Customer,64,Personal,Business,3908,5,5,1,3,2,5,3,1,1,1,1,1,Satisfied
Female,Loyal Customer,28,Personal,Economy,1340,5,0,5,5,1,1,4,4,2,0,1,1,Neutral or Dissatisfied
Female,Disloyal Customer,49,Personal,Business,3742,3,5,5,0,2,1,3,0,4,4,2,2,Neutral or Dissatisfied
Female,Disloyal Customer,66,Business,Business,4651,0,5,4,5,0,3,4,4,5,2,3,0,Neutral or Dissatisfied
Male,Loyal Customer,55,Personal,Economy Plus,3049,2,3,5,1,0,4,3,4,1,5,1,3,Neutral or Dissatisfied
Female,Disloyal Customer,59,Personal,Economy,4183,0,4,1,0,5,5,3,5,4,4,3,1,Satisfied
Female,Loyal Customer,68,Business,Business,3295,1,3,3,3,2,2,1,4,4,3,0,4,Satisfied
Male,Loyal Customer,64,Business,Business,4991,3,4,3,5,5,1,3,5,3,4,5,2,Satisfied
Male,Loyal Customer,20,Personal,Economy Plus,3535,2,4,3,2,5,5,2,2,3,3,4,2,Neutral or Dissatisfied
Female,Disloyal Customer,57,Personal,Business,2717,4,0,4,3,0,2,5,2,3,1,3,3,Satisfied
Male,Disloyal Customer,51,Business,Economy,2584,4,0,0,3,2,4,2,3,3,0,1,4,Neutral or Dissatisfied
Female,Loyal Customer,44,Business,Economy Plus,4911,2,1,0,2,5,5,4,2,2,2,4,1,Neutral or Dissatisfied
Female,Disloyal Customer,48,Business,Business,2421,5,0,2,3,3,2,2,2,3,5,4,3,Satisfied
Male,Disloyal Customer,19,Business,Economy,1718,1,5,5,4,0,5,1,3,2,4,1,1,Satisfied
Male,Disloyal Customer,60,Business,Economy Plus,946,3,0,0,3,2,2,1,4,5,1,1,5,Satisfied
Male,Loyal Customer,46,Personal,Economy Plus,911,4,1,1,3,2,0,3,1,5,4,2,2,Neutral or Dissatisfied
Male,Loyal Customer,67,Personal,Economy Plus,2979,4,4,0,5,4,3,5,4,1,2,0,4,Satisfied
Female,Loyal Customer,55,Business,Business,3802,2,5,0,0,4,4,4,4,3,5,2,0,Neutral or Dissatisfied
Male,Loyal Customer,21,Personal,Economy,2570,3,2,5,2,0,1,5,2,2,3,5,2,Neutral or Dissatisfied
Female,Loyal Customer,24,Business,Business,986,5,0,2,3,1,0,1,1,3,4,2,3,Neutral or Dissatisfied
Female,Disloyal Customer,46,Personal,Business,334,3,1,2,3,2,4,1,4,2,1,1,3,Neutral or Dissatisfied
Female,Loyal Customer,51,Personal,Economy Plus,329,4,2,0,3,5,0,4,1,4,5,4,2,Neutral or Dissatisfied
Female,Disloyal Customer,26,Business,Business,214,2,5,1,1,4,5,0,1,5,2,1,3,Neutral or Dissatisfied
Male,Loyal Customer,67,Personal,Economy Plus,4495,5,3,1,3,3,0,4,4,4,3,2,4,Satisfied
Male,Disloyal Customer,46,Personal,Business,931,3,1,1,3,4,5,2,4,2,4,3,0,Satisfied
Female,Disloyal Customer,34,Business,Business,3905,1,0,2,4,0,4,5,3,3,0,5,0,Satisfied
Male,Disloyal Customer,67,Business,Business,1084,4,0,4,0,2,0,2,1,1,1,1,5,Neutral or Dissatisfied
Male,Loyal Customer,39,Business,Economy Plus,463,4,3,2,2,3,0,2,0,1,4,0,5,Neutral or Dissatisfied
Male,Disloyal Customer,60,Personal,Business,1705,2,4,5,5,5,0,4,0,4,1,2,3,Satisfied
Male,Disloyal Customer,65,Personal,Economy,4025,5,5,3,3,3,0,2,0,1,4,1,4,Satisfied
Female,Loyal Customer,22,Business,Economy,145,4,3,5,0,3,5,4,4,2,5,5,3,Neutral or Dissatisfied
Female,Disloyal Customer,31,Business,Economy,2757,3,3,3,5,1,1,4,1,0,2,2,5,Neutral or Dissatisfied
Male,Loyal Customer,42,Business,Economy,1584,0,2,2,5,3,2,4,4,0,5,2,1,Satisfied
Male,Disloyal Customer,65,Personal,Economy,2388,3,0,5,2,3,2,3,1,4,4,3,2,Satisfied
Female,Disloyal Customer,49,Business,Economy,2591,5,3,3,5,2,2,0,2,5,1,2,5,Satisfied
Male,Loyal Customer,60,Personal,Economy,225,0,4,5,1,1,0,4,5,4,0,0,4,Neutral or Dissatisfied
Male,Disloyal Customer,33,Business,Business,637,3,4,0,3,3,1,3,5,4,5,4,3,Satisfied
Female,Loyal Customer,25,Personal,Economy Plus,2919,1,3,3,1,2,0,3,2,3,4,2,3,Satisfied
Male,Loyal Customer,53,Business,Business,4913,3,2,0,3,0,0,5,5,5,1,3,4,Neutral or Dissatisfied
Female,Disloyal Customer,43,Personal,Economy,3733,4,4,2,1,0,4,2,4,3,2,2,0,Satisfied
Female,Loyal Customer,49,Business,Business,2333,0,1,2,5,3,0,5,0,0,1,0,2,Satisfied
Female,Loyal Customer,33,Business,Economy,3468,3,1,4,2,2,3,0,3,5,5,1,5,Satisfied
Male,Loyal Customer,19,Personal,Business,2621,5,3,0,1,2,5,3,2,1,4,0,1,Satisfied
Male,Disloyal Customer,35,Business,Business,2432,1,3,4,3,1,0,0,3,0,3,3,4,Neutral or Dissatisfied
Female,Loyal Customer,30,Personal,Business,322,0,0,3,0,4,5,3,1,5,1,0,1,Satisfied
Male,Disloyal Customer,35,Business,Business,2156,4,1,5,2,1,2,4,1,2,4,2,0,Neutral or Dissatisfied
Female,Loyal Customer,19,Personal,Economy Plus,2971,4,3,0,0,3,4,1,5,0,3,3,5,Neutral or Dissatisfied
Male,Loyal Customer,47,Business,Economy Plus,4780,5,0,2,1,1,1,2,2,5,0,5,0,Satisfied
Female,Loyal Customer,68,Personal,Economy Plus,3190,2,2,3,4,0,0,4,3,5,4,5,0,Neutral or Dissatisfied
Male,Loyal Customer,68,Personal,Economy,1157,3,1,3,4,0,5,1,1,4,3,0,3,Satisfied
Female,Loyal Customer,26,Business,Business,4689,1,0,1,4,1,4,4,0,2,5,2,1,Neutral or Dissatisfied
Male,Loyal Customer,31,Business,Economy,1877,1,2,0,5,2,2,5,2,5,5,2,0,Neutral or Dissatisfied
Female,Disloyal Customer,25,Personal,Economy,4573,0,2,4,3,4,3,1,4,5,2,3,3,Satisfied
Female,Loyal Customer,28,Business,Economy Plus,1021,1,1,0,0,4,3,0,4,1,1,3,3,Satisfied
Male,Disloyal Customer,60,Personal,Economy,1691,0,5,5,2,0,5,1,0,1,1,0,4,Satisfied
Male,Loyal Customer,54,Business,Economy,327,4,1,2,4,5,3,5,5,4,5,4,1,Neutral or Dissatisfied
Male,Loyal Customer,28,Personal,Economy,2537,4,5,5,1,3,5,3,2,3,4,4,2,Neutral or Dissatisfied
Male,Loyal Customer,33,Business,Economy Plus,104,1,0,1,2,0,4,3,2,0,3,3,1,Satisfied
Male,Disloyal Customer,40,Business,Economy,4293,5,0,3,3,1,2,5,1,5,2,0,5,Satisfied
Female,Loyal Customer,44,Personal,Business,3511,0,2,3,2,5,2,0,0,4,5,5,1,Satisfied
Female,Disloyal Customer,29,Personal,Economy Plus,3252,4,1,1,2,5,2,5,4,0,5,0,5,Neutral or Dissatisfied
Male,Loyal Customer,43,Business,Economy,1632,0,2,4,3,1,1,3,0,2,4,5,0,Satisfied
Female,Loyal Customer,35,Business,Business,1785,2,4,4,2,5,2,1,2,3,4,3,3,Neutral or Dissatisfied
Male,Disloyal Customer,63,Business,Economy,4481,1,1,5,2,2,4,0,0,1,0,3,0,Satisfied
Male,Loyal Customer,40,Business,Business,2242,0,5,0,2,0,5,2,2,4,2,2,2,Satisfied
Male,Loyal Customer,34,Personal,Economy Plus,250,3,5,2,2,4,0,5,4,1,5,4,3,Satisfied
Male,Disloyal Customer,23,Personal,Business,3142,5,2,4,5,1,0,5,0,5,5,0,2,Satisfied
Male,Loyal Customer,25,Business,Economy,4196,0,1,2,1,2,2,3,0,0,5,5,2,Neutral or Dissatisfied
Male,Loyal Customer,52,Personal,Economy,576,0,5,2,4,4,2,2,2,2,1,3,0,Satisfied
Female,Disloyal Customer,64,Business,Economy Plus,884,1,2,3,2,5,4,4,1,0,0,1,2,Neutral or Dissatisfied
Female,Loyal Customer,55,Business,Economy,2438,3,4,0,3,5,1,3,3,3,4,4,2,Satisfied
Female,Disloyal Customer,37,Personal,Economy,2117,0,1,5,3,2,5,0,4,1,1,2,5,Satisfied
Female,Disloyal Customer,59,Business,Economy,3891,1,3,0,4,1,4,2,3,0,1,0,5,Satisfied
Male,Loyal Customer,35,Personal,Economy,3570,5,3,4,2,4,4,5,1,0,0,5,2,Neutral or Dissatisfied
Male,Loyal Customer,21,Business,Economy Plus,1597,4,5,2,2,4,5,0,5,1,3,0,2,Satisfied
Male,Loyal Customer,32,Business,Economy Plus,2036,3,5,3,5,1,4,1,4,2,5,4,4,Neutral or Dissatisfied
Female,Disloyal Customer,34,Personal,Economy,3131,5,1,1,2,1,4,4,3,4,2,2,5,Neutral or Dissatisfied
Female,Loyal Customer,20,Personal,Economy Plus,1266,0,0,1,2,0,4,4,5,0,5,1,5,Neutral or Dissatisfied
Female,Loyal Customer,42,Personal,Economy Plus,3406,1,4,1,1,0,0,0,0,2,3,3,2,Neutral or Dissatisfied
Female,Disloyal Customer,38,Personal,Business,3744,1,2,2,2,5,1,1,4,1,4,4,5,Satisfied
Female,Disloyal Customer,34,Personal,Economy Plus,2139,0,2,2,0,5,4,5,2,2,2,5,3,Satisfied
Male,Disloyal Customer,56,Business,Economy,2140,2,2,5,5,2,0,1,3,4,3,1,3,Neutral or Dissatisfied
Male,Loyal Customer,49,Personal,Economy,561,5,5,5,2,4,0,2,5,5,0,2,3,Satisfied
Male,Loyal Customer,55,Personal,Economy,1802,4,3,1,4,5,2,0,0,1,3,3,4,Neutral or Dissatisfied
Female,Loyal Customer,32,Personal,Economy Plus,3133,3,4,4,3,0,2,3,1,4,2,3,0,Neutral or Dissatisfied
Male,Loyal Customer,45,Business,Economy Plus,3571,1,4,3,2,3,1,5,0,5,2,5,4,Neutral or Dissatisfied
Male,Loyal Customer,32,Personal,Business,2829,3,2,4,0,3,2,0,0,3,5,1,4,Neutral or Dissatisfied
Female,Loyal Customer,63,Personal,Business,1467,4,3,3,3,3,5,2,1,2,2,1,4,Neutral or Dissatisfied
Male,Loyal Customer,30,Business,Economy Plus,1640,2,2,2,2,1,5,2,5,5,3,1,2,Satisfied
Female,Disloyal Customer,51,Personal,Economy Plus,3514,0,4,4,5,2,5,2,1,5,1,2,0,Neutral or Dissatisfied
Male,Disloyal Customer,65,Personal,Economy Plus,3814,0,4,3,2,5,5,1,3,2,3,0,2,Satisfied
Male,Loyal Customer,24,Business,Economy,4326,0,0,3,0,4,4,1,0,1,0,3,4,Satisfied
Female,Loyal Customer,37,Business,Economy,3963,5,4,4,0,0,4,4,2,2,2,5,5,Neutral or Dissatisfied
Female,Disloyal Customer,37,Business,Business,4894,4,5,0,0,2,1,5,4,0,5,2,2,Satisfied
Female,Disloyal Customer,57,Business,Economy,3131,3,3,5,2,3,5,4,3,0,1,5,5,Satisfied
Female,Loyal Customer,30,Personal,Economy,857,0,0,1,3,5,4,2,2,4,5,5,5,Satisfied
Male,Disloyal Customer,42,Business,Economy,889,5,5,3,5,3,3,3,5,3,3,4,0,Neutral or Dissatisfied
Female,Disloyal Customer,28,Personal,Economy,4801,0,1,0,0,5,0,2,0,4,3,5,1,Satisfied
Female,Disloyal Customer,33,Personal,Economy,3250,5,0,5,0,1,2,4,1,0,3,0,4,Neutral or Dissatisfied
Male,Disloyal Customer,58,Personal,Business,550,2,3,3,5,4,0,3,3,1,3,2,5,Satisfied
Female,Disloyal Customer,27,Personal,Economy,3679,5,5,3,0,1,5,4,2,3,5,5,3,Satisfied
Male,Disloyal Customer,43,Business,Business,3548,0,3,4,2,2,4,4,4,5,0,0,1,Neutral or Dissatisfied
Female,Loyal Customer,28,Personal,Economy Plus,114,2,2,0,3,5,5,1,2,3,3,1,3,Satisfied
Female,Disloyal Customer,58,Business,Business,3349,3,3,5,5,3,1,4,4,5,2,3,0,Neutral or Dissatisfied
Female,Disloyal Customer,48,Personal,Business,2708,0,0,5,5,1,0,0,1,0,1,3,4,Neutral or Dissatisfied
Male,Disloyal Customer,30,Personal,Business,1672,5,4,4,3,2,4,3,1,1,4,0,4,Satisfied
Male,Disloyal Customer,62,Business,Economy,249,5,5,1,1,4,5,2,2,0,2,3,2,Neutral or Dissatisfied
Male,Loyal Customer,24,Business,Business,999,0,3,2,4,2,1,2,4,0,1,2,5,Satisfied
Female,Loyal Customer,43,Business,Economy,1246,0,5,4,1,5,2,5,5,0,2,3,2,Neutral or Dissatisfied
Female,Loyal Customer,46,Personal,Economy Plus,4353,0,5,1,4,2,4,0,0,2,2,0,2,Neutral or Dissatisfied
Male,Disloyal Customer,38,Business,Economy,4346,5,2,0,1,3,0,2,3,4,2,2,5,Neutral or Dissatisfied
Female,Loyal Customer,44,Personal,Business,3606,3,5,0,1,4,0,1,4,5,4,4,5,Satisfied
Male,Disloyal Customer,39,Business,Economy,1872,2,3,1,3,0,0,2,5,5,1,5,2,Satisfied
Female,Disloyal Customer,50,Personal,Economy Plus,4666,5,2,4,4,0,4,1,2,5,2,5,1,Neutral or Dissatisfied
Female,Disloyal Customer,48,Personal,Business,3627,2,1,1,3,5,2,5,0,1,4,4,0,Satisfied
Female,Loyal Customer,49,Personal,Economy Plus,2174,2,2,0,4,4,1,0,0,3,4,0,3,Neutral or Dissatisfied
Female,Disloyal Customer,32,Personal,Business,2168,0,4,0,2,4,0,5,1,3,3,1,1,Neutral or Dissatisfied
Male,Loyal Customer,51,Personal,Economy Plus,676,3,0,2,4,0,3,2,4,4,3,5,5,Neutral or Dissatisfied
Female,Disloyal Customer,59,Business,Economy Plus,3293,0,5,0,3,2,0,4,1,1,3,5,5,Neutral or Dissatisfied
Male,Disloyal Customer,33,Business,Economy Plus,587,3,2,4,4,1,1,5,1,3,5,1,0,Neutral or Dissatisfied
Male,Disloyal Customer,19,Personal,Economy,1222,4,2,0,4,3,1,2,1,4,1,5,2,Satisfied
Male,Loyal Customer,40,Business,Economy Plus,4359,4,1,5,0,3,0,1,5,4,0,5,4,Neutral or Dissatisfied
Female,Disloyal Customer,56,Personal,Business,4179,3,5,0,2,0,2,1,1,3,5,2,1,Satisfied
Female,Disloyal Customer,42,Business,Economy,1670,0,5,2,2,3,2,1,2,5,3,5,0,Neutral or Dissatisfied
Male,Loyal Customer,22,Personal,Economy Plus,2655,4,3,2,1,1,3,2,3,4,1,5,0,Neutral or Dissatisfied
Male,Disloyal Customer,63,Business,Economy,438,4,1,5,1,1,5,1,4,4,3,1,2,Satisfied
Female,Disloyal Customer,62,Personal,Economy,1896,3,4,1,3,4,2,0,3,0,2,1,3,Neutral or Dissatisfied
Female,Loyal Customer,44,Business,Economy,4219,3,4,4,1,1,5,2,1,4,3,5,3,Neutral or Dissatisfied
Female,Loyal Customer,25,Business,Economy Plus,908,4,3,5,1,2,3,2,3,2,1,2,0,Satisfied
Male,Disloyal Customer,39,Personal,Economy Plus,2333,1,0,1,1,1,0,4,1,1,3,0,1,Neutral or Dissatisfied
Female,Disloyal Customer,51,Personal,Economy Plus,4792,2,1,4,2,4,0,1,3,5,2,0,4,Neutral or Dissatisfied
Female,Loyal Customer,57,Business,Economy,4514,1,3,4,3,3,4,5,4,3,0,0,3,Satisfied
Male,Loyal Customer,54,Business,Economy Plus,4661,1,0,2,4,1,3,3,0,0,3,5,1,Satisfied
Male,Loyal Customer,39,Business,Economy Plus,3001,0,4,0,1,3,3,1,0,2,2,2,4,Satisfied
Female,Disloyal Customer,34,Personal,Economy Plus,2039,2,2,5,3,1,0,2,2,5,5,1,5,Neutral or Dissatisfied
Female,Loyal Customer,39,Personal,Economy Plus,592,3,3,1,4,3,0,0,1,3,4,4,4,Neutral or Dissatisfied
Male,Loyal Customer,66,Business,Business,2020,4,2,1,5,2,0,5,2,4,0,1,3,Satisfied
Male,Loyal Customer,49,Personal,Business,3259,2,5,1,1,4,1,0,0,1,4,5,0,Neutral or Dissatisfied
Male,Disloyal Customer,25,Business,Economy,3310,4,3,4,3,5,2,1,2,3,3,3,4,Satisfied
Female,Loyal Customer,40,Personal,Business,3497,4,3,1,0,3,0,4,2,1,2,0,5,Satisfied
Female,Loyal Customer,36,Personal,Business,1913,0,1,1,2,3,3,5,1,2,1,1,3,Satisfied
Female,Disloyal Customer,62,Personal,Economy Plus,501,4,0,4,4,4,3,4,1,4,2,0,5,Neutral or Dissatisfied
Male,Loyal Customer,61,Business,Economy,1196,2,0,0,1,3,0,0,3,3,2,1,4,Satisfied
Male,Disloyal Customer,50,Business,Economy,2392,2,3,0,1,5,5,0,2,2,2,4,3,Neutral or Dissatisfied
Female,Loyal Customer,52,Personal,Business,1644,5,5,0,3,1,1,5,4,0,0,3,3,Satisfied
Female,Loyal Customer,25,Business,Business,2960,2,4,0,2,4,4,3,4,2,1,5,5,Satisfied
Male,Loyal Customer,23,Business,Business,2474,4,1,0,5,1,3,3,2,2,3,5,3,Neutral or Dissatisfied
Male,Disloyal Customer,19,Business,Economy,1952,1,3,2,4,1,0,3,5,1,0,1,0,Neutral or Dissatisfied
Female,Loyal Customer,54,Personal,Economy Plus,3646,5,5,0,2,1,0,4,4,3,3,1,5,Satisfied
Female,Loyal Customer,18,Business,Economy Plus,2202,0,0,4,2,2,1,0,1,0,1,1,0,Satisfied
Male,Disloyal Customer,40,Personal,Economy Plus,3121,2,1,2,0,2,4,4,1,5,5,1,0,Satisfied
Male,Loyal Customer,45,Personal,Economy,2194,1,4,5,4,2,5,2,4,1,4,5,1,Satisfied
Female,Disloyal Customer,59,Business,Economy Plus,363,5,4,2,4,3,5,1,1,0,4,4,1,Neutral or Dissatisfied
Male,Loyal Customer,32,Business,Economy,2901,5,0,5,2,4,0,1,0,3,0,5,3,Satisfied
Female,Disloyal Customer,66,Business,Economy Plus,4339,4,1,4,1,4,4,0,1,2,3,0,3,Neutral or Dissatisfied
Male,Loyal Customer,35,Business,Economy Plus,1308,3,5,4,2,3,3,3,1,4,0,0,4,Satisfied
Male,Disloyal Customer,24,Personal,Economy Plus,4918,5,0,2,2,4,1,1,5,2,0,4,3,Neutral or Dissatisfied
Male,Loyal Customer,62,Personal,Business,1743,4,2,5,5,5,1,2,0,3,2,5,0,Neutral or Dissatisfied
Female,Disloyal Customer,20,Business,Economy,1419,4,1,3,2,5,2,3,4,2,1,1,2,Neutral or Dissatisfied
Female,Disloyal Customer,67,Business,Economy Plus,1616,4,2,1,5,3,4,2,3,1,2,0,5,Satisfied
Female,Loyal Customer,22,Business,Business,4004,4,1,5,4,4,2,4,4,2,5,5,3,Neutral or Dissatisfied
Female,Disloyal Customer,60,Personal,Economy Plus,3422,5,5,4,3,1,4,4,4,0,5,2,3,Satisfied
Female,Disloyal Customer,48,Personal,Business,3040,2,0,0,3,4,5,5,4,3,0,0,3,Neutral or Dissatisfied
Female,Loyal Customer,28,Business,Economy,1495,4,5,5,3,3,4,1,5,2,1,1,1,Neutral or Dissatisfied
Male,Loyal Customer,26,Personal,Economy,4477,2,1,1,1,3,3,2,3,5,0,5,4,Neutral or Dissatisfied
Male,Loyal Customer,51,Business,Business,4183,0,1,1,0,5,2,2,1,3,2,2,2,Neutral or Dissatisfied
Male,Loyal Customer,43,Business,Economy Plus,2676,4,1,3,5,3,5,4,4,5,0,2,3,Neutral or Dissatisfied
Male,Disloyal Customer,62,Personal,Economy,4803,4,4,0,3,3,0,1,3,2,3,2,3,Satisfied
Male,Loyal Customer,42,Personal,Economy Plus,3709,2,1,1,0,0,4,3,5,2,1,1,0,Satisfied
Male,Loyal Customer,21,Personal,Economy Plus,666,3,4,4,5,3,4,0,2,2,0,4,5,Neutral or Dissatisfied
Male,Disloyal Customer,27,Business,Economy Plus,1848,3,3,5,1,2,2,1,5,1,1,2,1,Satisfied
Male,Disloyal Customer,25,Personal,Economy,2769,2,2,5,0,4,4,3,2,4,4,1,4,Satisfied
Male,Disloyal Customer,49,Personal,Business,4954,1,4,2,2,2,3,2,3,5,2,1,3,Satisfied
Female,Loyal Customer,56,Personal,Economy Plus,2831,3,1,5,0,2,0,0,1,2,2,0,4,Neutral or Dissatisfied
Female,Loyal Customer,54,Business,Economy Plus,2287,5,1,3,4,1,3,5,2,5,3,1,2,Satisfied
Female,Loyal Customer,53,Business,Business,2015,5,1,5,0,1,3,0,1,2,2,3,0,Satisfied
Female,Disloyal Customer,57,Personal,Business,4689,5,0,4,5,4,1,2,3,1,3,0,4,Neutral or Dissatisfied
Female,Loyal Customer,53,Business,Economy Plus,2116,3,3,0,1,1,5,1,3,2,2,3,2,Neutral or Dissatisfied
Female,Loyal Customer,38,Business,Economy Plus,1255,5,4,0,3,4,2,3,0,4,3,0,2,Neutral or Dissatisfied
Male,Disloyal Customer,35,Personal,Economy Plus,912,1,0,2,2,4,4,2,1,2,0,2,0,Satisfied
Female,Loyal Customer,69,Personal,Business,2767,0,1,5,2,0,3,1,4,2,4,3,0,Neutral or Dissatisfied
Male,Disloyal Customer,62,Personal,Business,4801,2,1,2,4,0,4,1,2,3,0,2,4,Satisfied
Male,Disloyal Customer,20,Personal,Economy,3000,3,0,2,4,2,0,4,5,0,0,1,4,Neutral or Dissatisfied
Female,Loyal Customer,58,Business,Economy Plus,134,0,3,3,0,2,1,0,4,0,5,5,3,Neutral or Dissatisfied
Male,Disloyal Customer,39,Personal,Economy Plus,4170,0,2,5,0,2,2,1,2,4,1,5,0,Satisfied
Female,Loyal Customer,38,Personal,Economy,3445,3,3,5,5,0,4,4,4,0,5,2,1,Satisfied
Male,Disloyal Customer,69,Business,Economy,2152,1,5,4,2,3,5,0,4,3,4,1,2,Satisfied
Female,Disloyal Customer,44,Personal,Business,379,2,4,0,5,5,2,0,2,0,2,3,3,Satisfied
Female,Loyal Customer,24,Personal,Economy Plus,1826,4,3,0,0,1,3,3,3,3,1,5,1,Neutral or Dissatisfied
Male,Loyal Customer,25,Personal,Business,571,4,2,4,3,0,1,2,5,3,3,2,4,Neutral or Dissatisfied
Male,Loyal Customer,66,Personal,Business,1747,3,4,5,3,0,2,0,4,0,5,4,3,Neutral or Dissatisfied
Male,Disloyal Customer,44,Business,Business,964,4,5,5,3,3,1,1,4,2,0,3,3,Satisfied
Male,Loyal Customer,29,Personal,Business,3436,4,3,1,3,3,2,2,1,5,2,2,4,Satisfied
Female,Loyal Customer,54,Business,Economy,2186,2,3,2,4,2,0,5,5,1,5,4,0,Satisfied
Female,Loyal Customer,26,Personal,Business,2363,2,5,1,2,2,3,0,2,4,0,4,0,Satisfied
Female,Disloyal Customer,64,Personal,Economy,3360,4,0,0,3,2,5,1,5,2,0,3,2,Satisfied
Male,Loyal Customer,69,Business,Economy Plus,211,1,0,4,3,2,3,4,0,1,1,4,2,Satisfied
Female,Disloyal Customer,56,Personal,Business,513,2,2,0,1,4,0,1,0,0,3,2,0,Neutral or Dissatisfied
Female,Disloyal Customer,46,Business,Economy Plus,2901,1,4,2,0,2,5,1,1,0,4,2,0,Satisfied
Male,Loyal Customer,63,Business,Business,975,1,3,1,5,4,0,5,0,3,3,5,0,Satisfied
Male,Loyal Customer,63,Business,Economy Plus,1761,5,3,3,1,2,1,1,0,4,1,3,3,Neutral or Dissatisfied
Male,Disloyal Customer,59,Business,Economy,192,0,5,5,3,1,4,5,3,0,4,5,5,Satisfied
Female,Loyal Customer,50,Business,Business,214,5,5,1,0,0,0,3,2,3,0,1,0,Neutral or Dissatisfied
Female,Loyal Customer,48,Personal,Business,4547,1,1,3,5,3,2,2,4,4,1,0,3,Neutral or Dissatisfied
Male,Loyal Customer,67,Business,Economy Plus,3228,3,2,4,2,1,2,3,3,4,5,1,4,Neutral or Dissatisfied
Female,Loyal Customer,21,Personal,Economy,2477,0,3,1,5,3,1,4,1,0,4,5,0,Neutral or Dissatisfied
Male,Loyal Customer,47,Business,Economy,1955,0,2,2,0,3,3,5,4,5,4,0,1,Neutral or Dissatisfied
Female,Disloyal Customer,41,Business,Economy Plus,4271,3,4,5,2,5,0,0,4,3,4,1,0,Neutral or Dissatisfied
Male,Loyal Customer,40,Business,Economy Plus,2053,0,4,4,0,4,1,5,4,2,3,0,4,Neutral or Dissatisfied
Male,Loyal Customer,58,Business,Economy,4875,4,5,5,0,4,0,2,0,1,2,0,1,Neutral or Dissatisfied
Male,Loyal Customer,30,Business,Economy,3928,5,0,3,3,3,1,2,3,3,1,5,0,Satisfied
Male,Loyal Customer,24,Business,Business,1608,1,5,1,3,4,1,1,4,5,4,3,5,Neutral or Dissatisfied
Female,Disloyal Customer,38,Business,Economy,1326,5,1,4,0,4,4,1,3,5,0,5,3,Neutral or Dissatisfied
Male,Disloyal Customer,55,Personal,Economy,2501,3,4,5,3,2,1,4,3,2,5,5,4,Satisfied
Female,Disloyal Customer,24,Personal,Economy,1669,1,2,4,3,2,5,0,5,2,4,4,2,Neutral or Dissatisfied
Female,Loyal Customer,63,Personal,Economy Plus,619,5,2,3,1,4,5,3,5,5,0,2,0,Neutral or Dissatisfied
Female,Disloyal Customer,30,Personal,Economy Plus,641,2,5,5,4,5,2,2,5,1,0,3,4,Satisfied
Female,Loyal Customer,60,Business,Economy Plus,1398,2,0,0,5,4,0,4,0,0,0,4,4,Satisfied
Female,Disloyal Customer,66,Personal,Business,4017,1,5,3,5,0,4,0,3,1,5,2,2,Satisfied
Female,Loyal Customer,44,Business,Economy Plus,1589,0,3,3,3,0,4,2,4,3,2,3,5,Satisfied
Female,Disloyal Customer,25,Personal,Economy Plus,1958,2,3,2,1,4,2,3,2,0,5,5,2,Satisfied
Male,Disloyal Customer,57,Personal,Economy Plus,1017,1,1,4,2,4,5,2,4,1,5,2,2,Neutral or Dissatisfied
Female,Loyal Customer,26,Business,Economy,2660,1,3,5,1,5,0,5,0,1,4,2,2,Satisfied
Female,Disloyal Customer,26,Personal,Business,2972,2,5,2,4,3,1,3,1,2,4,1,1,Satisfied
Female,Loyal Customer,41,Business,Economy Plus,4009,5,4,5,3,3,5,2,0,0,4,5,4,Satisfied
Male,Disloyal Customer,24,Business,Economy,3074,2,2,5,3,4,5,5,2,5,0,3,1,Neutral or Dissatisfied
Female,Loyal Customer,60,Business,Economy Plus,2097,0,2,2,4,2,1,0,0,3,5,1,2,Neutral or Dissatisfied
Female,Loyal Customer,37,Personal,Economy Plus,4226,2,5,1,1,1,4,3,0,5,0,2,1,Satisfied
Female,Disloyal Customer,40,Personal,Economy Plus,1199,3,4,1,3,1,0,1,3,1,5,3,3,Neutral or Dissatisfied
Female,Loyal Customer,25,Personal,Business,478,2,5,1,1,3,2,4,0,0,5,0,0,Satisfied
Male,Loyal Customer,60,Business,Business,2082,4,1,1,0,0,1,1,1,5,2,3,4,Satisfied
Female,Loyal Customer,26,Business,Business,1223,4,0,3,1,4,2,5,0,0,3,0,2,Satisfied
Male,Disloyal Customer,34,Personal,Business,4253,2,5,2,0,1,4,1,2,1,0,5,0,Neutral or Dissatisfied
Female,Disloyal Customer,27,Personal,Business,888,4,1,3,0,0,4,3,0,2,2,5,3,Satisfied
Male,Loyal Customer,59,Personal,Economy,1115,0,2,0,3,2,2,4,0,4,5,5,2,Satisfied
Female,Disloyal Customer,61,Personal,Business,2936,2,0,2,2,5,0,3,4,4,0,5,3,Neutral or Dissatisfied
Female,Loyal Customer,18,Business,Economy,3287,4,2,5,5,5,1,2,4,4,1,1,0,Neutral or Dissatisfied
Female,Disloyal Customer,19,Business,Economy,1683,0,0,0,3,4,0,0,0,4,4,3,1,Satisfied
Female,Disloyal Customer,58,Business,Business,3852,1,3,3,1,2,3,5,5,5,0,1,1,Neutral or Dissatisfied
Female,Disloyal Customer,23,Personal,Economy,2668,0,0,0,1,0,0,0,2,3,4,1,4,Satisfied
Male,Disloyal Customer,46,Business,Economy Plus,926,2,0,0,1,2,2,2,4,3,2,3,5,Neutral or Dissatisfied
Male,Loyal Customer,40,Business,Business,595,2,0,3,2,2,1,5,5,2,4,4,0,Neutral or Dissatisfied
Male,Loyal Customer,66,Personal,Business,190,3,5,1,0,1,1,3,3,2,0,2,0,Satisfied
Male,Loyal Customer,63,Business,Economy,3462,1,0,5,2,0,5,1,5,1,4,1,3,Satisfied
Male,Disloyal Customer,52,Business,Economy,3239,3,3,2,4,1,1,0,3,2,0,1,5,Satisfied
Male,Loyal Customer,49,Business,Business,1812,3,4,0,4,5,5,3,0,1,4,1,4,Neutral or Dissatisfied
Female,Loyal Customer,54,Personal,Economy,2153,5,4,4,4,4,4,4,5,0,1,2,1,Satisfied
Male,Disloyal Customer,52,Personal,Economy Plus,980,3,2,5,0,0,3,5,2,0,2,0,5,Satisfied
Female,Disloyal Customer,18,Personal,Business,256,3,3,4,0,2,0,5,2,4,0,4,5,Neutral or Dissatisfied
Male,Loyal Customer,24,Business,Economy,2104,3,3,4,4,2,2,2,2,0,3,5,5,Neutral or Dissatisfied
Female,Loyal Customer,19,Personal,Business,1753,4,5,5,1,0,1,2,4,1,4,4,4,Satisfied
Female,Loyal Customer,38,Personal,Economy Plus,4555,1,1,1,1,0,0,2,2,1,4,5,5,Neutral or Dissatisfied
Male,Loyal Customer,55,Personal,Economy,4077,1,4,1,5,5,2,0,3,2,2,0,0,Satisfied
Female,Disloyal Customer,52,Business,Economy Plus,2248,0,3,5,2,0,4,1,5,0,5,4,0,Satisfied
Female,Loyal Customer,29,Business,Economy Plus,2969,1,0,3,2,1,2,2,1,4,2,4,1,Neutral or Dissatisfied
Female,Loyal Customer,43,Personal,Business,2961,4,2,0,2,1,2,0,2,3,4,1,5,Satisfied
Female,Loyal Customer,67,Business,Economy,427,5,4,4,4,5,4,1,2,0,4,4,4,Satisfied
Female,Loyal Customer,36,Business,Economy Plus,2292,3,5,5,1,2,1,4,1,3,4,3,3,Neutral or Dissatisfied
Male,Loyal Customer,69,Personal,Economy Plus,2156,3,2,5,5,5,5,1,5,1,1,2,2,Neutral or Dissatisfied
Male,Disloyal Customer,55,Business,Business,2034,3,1,5,2,2,0,1,0,2,4,0,2,Satisfied
Female,Loyal Customer,26,Personal,Business,4953,4,1,5,3,5,1,1,2,1,0,1,0,Neutral or Dissatisfied
Female,Disloyal Customer,62,Personal,Business,2054,1,5,0,1,4,1,2,0,4,3,3,4,Satisfied
Female,Loyal Customer,23,Business,Economy,2706,4,0,3,0,4,2,5,0,0,2,2,4,Satisfied
Male,Disloyal Customer,18,Business,Business,3858,3,0,2,3,5,1,1,1,2,3,3,4,Satisfied
Female,Disloyal Customer,50,Personal,Economy Plus,2446,4,4,4,0,3,1,1,5,2,0,2,4,Satisfied
Male,Disloyal Customer,42,Business,Economy Plus,2180,1,5,1,3,5,1,3,0,3,4,2,5,Satisfied
Female,Disloyal Customer,36,Personal,Business,3302,2,5,2,5,0,5,1,3,1,3,4,2,Neutral or Dissatisfied
Female,Loyal Customer,58,Business,Economy Plus,1197,3,5,5,4,0,1,2,2,2,5,4,5,Neutral or Dissatisfied
Male,Loyal Customer,64,Personal,Economy Plus,3850,1,0,2,0,3,0,1,5,3,0,0,4,Neutral or Dissatisfied
Male,Disloyal Customer,61,Business,Business,4437,1,1,2,0,1,2,0,1,0,4,3,1,Satisfied
Male,Loyal Customer,39,Personal,Economy Plus,2115,1,2,3,1,1,1,0,3,2,2,3,1,Satisfied
Male,Disloyal Customer,23,Personal,Economy Plus,615,5,0,3,1,3,4,1,3,2,3,1,3,Satisfied
Female,Loyal Customer,68,Business,Economy,4055,3,4,5,4,1,3,3,3,3,3,0,0,Neutral or Dissatisfied
Female,Disloyal Customer,60,Personal,Business,1061,3,4,0,2,2,5,4,5,5,3,0,2,Neutral or Dissatisfied
Female,Disloyal Customer,69,Personal,Business,4479,4,0,2,5,2,4,2,5,4,2,2,4,Neutral or Dissatisfied
Male,Disloyal Customer,62,Personal,Economy,2453,4,1,3,5,4,5,4,5,5,1,2,0,Satisfied
Male,Loyal Customer,67,Business,Economy,3812,0,5,5,3,1,4,4,4,4,2,2,4,Satisfied
Female,Disloyal Customer,31,Business,Economy Plus,1355,3,4,3,5,3,4,4,5,0,5,0,0,Satisfied
Male,Loyal Customer,18,Personal,Economy Plus,3605,4,4,2,5,2,3,1,1,1,1,2,0,Neutral or Dissatisfied
Male,Disloyal Customer,59,Business,Business,2791,0,4,0,3,5,5,1,1,0,3,0,1,Neutral or Dissatisfied
Male,Disloyal Customer,41,Personal,Economy,4103,5,3,2,0,2,0,2,4,5,5,4,2,Satisfied
Male,Disloyal Customer,63,Business,Economy,3160,4,4,0,1,4,3,0,0,3,0,4,3,Satisfied
Male,Loyal Customer,54,Personal,Business,3798,5,4,5,1,3,3,1,2,5,3,1,0,Neutral or Dissatisfied
Female,Disloyal Customer,34,Personal,Economy Plus,2256,0,0,1,0,3,1,3,0,1,2,2,4,Neutral or Dissatisfied
Female,Loyal Customer,19,Personal,Economy Plus,1064,1,2,2,2,1,4,1,3,4,5,4,5,Neutral or Dissatisfied
Male,Loyal Customer,66,Personal,Business,1002,4,0,2,3,4,5,2,4,5,4,3,0,Neutral or Dissatisfied
Female,Disloyal Customer,66,Personal,Business,1877,4,5,3,3,3,0,1,4,1,5,0,4,Satisfied
Male,Loyal Customer,53,Business,Business,1101,5,5,5,2,1,1,1,2,2,4,1,5,Neutral or Dissatisfied
Male,Disloyal Customer,35,Business,Economy Plus,2757,3,0,5,2,3,0,5,2,1,3,1,0,Neutral or Dissatisfied
Female,Disloyal Customer,28,Personal,Economy Plus,1589,4,3,2,2,1,1,5,4,1,0,3,5,Satisfied
Female,Disloyal Customer,55,Business,Economy,2902,5,0,1,2,1,0,5,1,0,5,2,2,Satisfied
Female,Disloyal Customer,69,Business,Economy,3780,4,1,4,3,1,2,0,5,4,2,1,5,Neutral or Dissatisfied
Female,Disloyal Customer,62,Personal,Economy Plus,3840,4,3,5,3,0,1,3,3,4,5,0,5,Neutral or Dissatisfied
Male,Disloyal Customer,63,Business,Economy,2872,2,4,2,1,4,3,5,2,0,5,4,1,Satisfied
Female,Disloyal Customer,36,Personal,Business,3532,0,4,3,4,1,0,1,2,1,4,5,2,Satisfied
Female,Loyal Customer,47,Business,Business,2891,5,2,4,0,5,2,5,4,5,1,5,2,Satisfied
Female,Loyal Customer,60,Business,Economy Plus,3082,5,2,0,1,1,0,0,2,0,4,3,0,Satisfied
Female,Loyal Customer,20,Personal,Business,2327,4,2,5,5,2,5,4,5,2,1,4,1,Satisfied
Male,Loyal Customer,21,Business,Economy Plus,2911,4,2,0,3,2,2,0,1,0,3,3,5,Neutral or Dissatisfied
Male,Loyal Customer,45,Business,Economy,717,0,0,0,2,4,1,2,0,2,5,0,4,Satisfied
Female,Disloyal Customer,26,Personal,Economy Plus,4053,1,0,4,4,1,0,1,5,0,5,0,3,Neutral or Dissatisfied
Female,Disloyal Customer,66,Personal,Economy,2312,2,0,4,5,1,2,1,4,3,1,4,0,Neutral or Dissatisfied
Male,Disloyal Customer,45,Business,Economy Plus,510,1,2,2,1,3,3,4,1,3,0,2,4,Satisfied
Male,Loyal Customer,29,Business,Economy,2173,5,0,2,2,0,3,3,5,2,1,4,3,Neutral or Dissatisfied
Female,Disloyal Customer,69,Personal,Economy,4421,1,0,2,0,5,1,4,0,3,4,3,4,Satisfied
Male,Loyal Customer,63,Business,Business,4741,1,0,1,2,2,4,1,2,2,1,2,4,Neutral or Dissatisfied
Male,Loyal Customer,63,Business,Business,3193,2,2,4,2,1,3,1,0,3,3,2,1,Neutral or Dissatisfied
Male,Loyal Customer,44,Personal,Business,2777,4,3,5,5,4,5,4,3,2,0,2,0,Satisfied
Female,Loyal Customer,25,Personal,Economy,4476,0,4,4,1,5,3,2,5,4,3,5,0,Satisfied
Female,Disloyal Customer,67,Personal,Economy Plus,1190,3,5,1,5,5,3,2,5,5,1,0,3,Neutral or Dissatisfied
Male,Disloyal Customer,36,Personal,Economy Plus,1504,1,0,1,2,4,4,4,0,5,1,5,2,Neutral or Dissatisfied
Male,Disloyal Customer,63,Business,Economy Plus,3603,2,1,4,0,5,2,3,4,2,5,1,2,Satisfied
Female,Disloyal Customer,41,Business,Economy,4839,5,0,5,5,0,4,5,5,1,3,1,5,Satisfied
Male,Loyal Customer,26,Personal,Economy,3042,2,0,4,0,2,1,0,4,3,4,5,5,Neutral or Dissatisfied
Male,Disloyal Customer,68,Business,Economy Plus,1201,1,4,1,5,4,4,4,2,3,5,4,3,Neutral or Dissatisfied
Male,Disloyal Customer,47,Business,Economy Plus,4729,4,4,4,3,0,5,5,1,5,3,2,5,Neutral or Dissatisfied
Female,Loyal Customer,27,Personal,Economy,4707,5,2,3,5,4,3,1,5,3,0,2,4,Satisfied
Female,Disloyal Customer,27,Personal,Business,1824,0,4,4,2,0,0,0,3,0,5,2,1,Neutral or Dissatisfied
Male,Loyal Customer,64,Personal,Business,4081,1,5,4,4,0,3,2,5,5,2,4,0,Satisfied
Female,Loyal Customer,36,Personal,Business,1141,5,0,4,3,5,1,2,4,4,1,4,2,Satisfied
Male,Loyal Customer,30,Business,Economy,2426,3,0,4,2,3,1,1,4,3,5,3,0,Satisfied
Female,Loyal Customer,62,Personal,Economy Plus,2236,5,4,3,3,2,3,4,4,4,4,2,3,Neutral or Dissatisfied
Female,Disloyal Customer,63,Personal,Economy Plus,1992,1,3,2,0,4,0,0,5,0,0,4,1,Neutral or Dissatisfied
Female,Disloyal Customer,44,Business,Economy Plus,3545,5,2,1,3,0,5,5,4,3,3,2,4,Neutral or Dissatisfied
Female,Loyal Customer,40,Personal,Economy Plus,3276,1,3,3,2,1,3,0,5,1,2,3,3,Satisfied
Male,Loyal Customer,24,Business,Economy,564,1,5,2,5,2,3,4,4,3,1,5,5,Satisfied
Female,Disloyal Customer,50,Personal,Economy Plus,1602,0,0,5,5,2,5,5,5,1,0,0,0,Satisfied
Male,Loyal Customer,66,Business,Economy Plus,931,3,4,0,2,1,5,2,2,2,4,0,0,Satisfied
Female,Loyal Customer,19,Business,Economy,3745,5,5,0,1,5,1,5,4,4,5,5,1,Satisfied
Male,Loyal Customer,37,Business,Economy,4142,0,4,0,1,0,3,0,1,1,3,3,2,Neutral or Dissatisfied
Male,Disloyal Customer,66,Personal,Economy,4723,1,0,1,1,0,0,2,1,0,3,3,1,Neutral or Dissatisfied
Female,Loyal Customer,22,Personal,Economy Plus,514,2,0,3,3,3,2,2,5,1,3,2,5,Neutral or Dissatisfied
Female,Disloyal Customer,60,Personal,Economy Plus,4904,2,1,2,0,1,4,4,2,0,0,0,0,Satisfied
Male,Disloyal Customer,69,Business,Economy,2781,1,0,1,0,4,2,0,1,3,1,4,3,Neutral or Dissatisfied
Female,Disloyal Customer,55,Business,Business,1486,3,1,2,4,5,3,1,3,4,5,3,4,Neutral or Dissatisfied
Male,Disloyal Customer,57,Personal,Business,1122,3,3,5,4,5,5,5,2,3,4,5,4,Neutral or Dissatisfied
Female,Loyal Customer,56,Personal,Business,2557,0,1,2,2,3,1,2,2,1,4,3,4,Neutral or Dissatisfied
Female,Loyal Customer,31,Personal,Economy,1517,0,2,0,4,5,5,4,1,3,4,3,2,Satisfied
Male,Loyal Customer,59,Business,Economy,4244,2,3,1,0,0,2,2,3,4,3,1,4,Neutral or Dissatisfied
Male,Disloyal Customer,48,Personal,Business,1001,5,0,3,4,5,4,3,3,1,1,3,5,Satisfied
Female,Loyal Customer,32,Business,Economy,3122,0,4,1,3,2,4,0,4,1,1,5,0,Neutral or Dissatisfied
Male,Disloyal Customer,50,Personal,Business,2735,4,1,0,2,1,4,2,2,2,1,3,5,Neutral or Dissatisfied
Male,Loyal Customer,54,Personal,Business,951,4,5,1,5,5,1,0,2,1,4,1,0,Satisfied
Female,Disloyal Customer,63,Personal,Business,3184,1,3,1,0,4,1,0,4,4,4,2,0,Neutral or Dissatisfied
Male,Disloyal Customer,69,Business,Economy,1760,5,3,1,2,0,4,4,0,3,5,3,3,Satisfied
Male,Loyal Customer,19,Business,Economy,4282,0,5,2,5,2,4,1,3,2,2,3,2,Neutral or Dissatisfied
Male,Loyal Customer,23,Personal,Business,3195,3,1,4,5,5,3,1,1,4,0,4,3,Satisfied
Male,Loyal Customer,28,Personal,Economy Plus,3025,5,0,3,3,1,2,4,4,2,4,2,2,Satisfied
Female,Disloyal Customer,46,Personal,Economy,4115,0,5,0,0,1,2,1,3,5,5,4,3,Satisfied
Male,Loyal Customer,60,Business,Economy Plus,4278,5,5,0,0,0,3,3,1,4,1,1,4,Satisfied
Female,Disloyal Customer,64,Business,Business,691,4,0,4,3,2,0,2,4,4,5,3,0,Neutral or Dissatisfied
Male,Disloyal Customer,65,Personal,Economy Plus,4576,3,0,5,0,2,1,5,3,3,2,4,0,Neutral or Dissatisfied
Female,Loyal Customer,42,Business,Economy,2227,4,0,0,4,0,2,0,5,5,5,4,5,Satisfied
Female,Disloyal Customer,64,Personal,Economy,1188,0,5,0,5,5,4,0,5,0,4,5,2,Satisfied
Male,Disloyal Customer,61,Personal,Business,1757,2,0,5,3,3,3,3,3,5,4,2,3,Satisfied
Female,Disloyal Customer,62,Business,Economy Plus,4621,2,3,0,2,1,4,3,2,3,4,1,2,Satisfied
Male,Loyal Customer,49,Personal,Economy,3168,1,1,4,5,1,0,2,5,5,4,0,5,Neutral or Dissatisfied
Male,Loyal Customer,58,Personal,Business,4655,4,1,3,3,4,3,4,4,4,0,5,2,Satisfied
Female,Loyal Customer,52,Business,Business,3767,5,0,1,5,4,4,1,2,0,1,0,4,Satisfied
Female,Loyal Customer,52,Personal,Economy Plus,3792,5,1,0,2,1,3,4,5,2,3,4,3,Neutral or Dissatisfied
Female,Loyal Customer,65,Business,Economy Plus,4178,5,1,0,2,1,5,4,2,5,5,2,0,Satisfied
Male,Disloyal Customer,62,Personal,Business,2996,0,3,4,3,5,3,2,1,5,1,2,2,Neutral or Dissatisfied
Female,Disloyal Customer,42,Personal,Economy,1477,3,3,4,3,3,3,2,2,2,1,3,0,Neutral or Dissatisfied
Male,Disloyal Customer,39,Business,Economy,3459,0,2,0,3,5,1,2,0,0,5,0,4,Neutral or Dissatisfied
Male,Loyal Customer,25,Business,Economy Plus,993,0,5,0,5,2,5,3,2,3,5,3,0,Satisfied
Female,Disloyal Customer,68,Business,Economy Plus,2871,5,5,5,5,4,3,2,4,5,0,1,3,Neutral or Dissatisfied
Female,Disloyal Customer,51,Business,Economy Plus,1204,4,4,1,5,3,0,0,5,5,5,2,2,Neutral or Dissatisfied
Male,Loyal Customer,54,Business,Business,2834,4,1,3,5,2,1,3,2,5,3,4,3,Neutral or Dissatisfied
Female,Disloyal Customer,47,Business,Business,1214,5,5,4,4,1,0,5,5,4,3,0,5,Neutral or Dissatisfied
Female,Loyal Customer,22,Personal,Business,1141,4,2,3,2,1,0,0,3,4,2,5,0,Satisfied
Female,Loyal Customer,34,Personal,Business,1853,0,1,2,2,0,1,4,1,1,0,2,2,Neutral or Dissatisfied
Male,Loyal Customer,37,Personal,Economy Plus,4848,2,0,3,3,3,3,0,0,3,4,1,0,Satisfied
Male,Loyal Customer,54,Business,Economy Plus,2809,0,1,4,2,3,0,4,5,3,3,5,4,Neutral or Dissatisfied
Male,Loyal Customer,34,Personal,Economy,2372,4,5,0,3,3,3,1,5,1,0,0,4,Satisfied
Female,Loyal Customer,66,Business,Economy,147,5,0,1,1,2,0,2,5,1,4,3,1,Neutral or Dissatisfied
Male,Loyal Customer,42,Business,Economy Plus,1777,4,5,2,0,5,4,1,4,2,4,3,0,Neutral or Dissatisfied
Female,Disloyal Customer,66,Personal,Economy Plus,225,3,1,0,1,5,0,3,0,4,5,4,2,Satisfied
Male,Loyal Customer,56,Business,Business,2393,0,2,1,2,3,3,0,3,2,3,0,4,Neutral or Dissatisfied
Male,Disloyal Customer,42,Personal,Business,1818,0,5,2,2,5,2,4,5,4,5,5,1,Satisfied
Female,Disloyal Customer,67,Business,Business,3322,1,5,5,5,4,5,5,2,4,0,3,1,Neutral or Dissatisfied
Female,Disloyal Customer,57,Business,Economy,3317,0,4,4,1,0,5,1,1,1,1,3,3,Neutral or Dissatisfied
Female,Disloyal Customer,28,Business,Economy,2671,1,4,4,2,4,0,3,5,1,4,4,2,Satisfied
Female,Loyal Customer,19,Business,Business,951,0,5,0,4,0,2,5,2,4,2,1,3,Neutral or Dissatisfied
Female,Disloyal Customer,59,Business,Economy Plus,531,1,5,4,4,1,3,3,5,0,1,4,4,Satisfied
Male,Loyal Customer,50,Personal,Economy,2399,1,1,2,3,2,1,5,2,2,5,2,1,Neutral or Dissatisfied
Female,Loyal Customer,37,Personal,Economy Plus,1250,3,4,2,0,5,3,1,1,3,5,4,0,Satisfied
Female,Disloyal Customer,62,Personal,Business,1096,0,5,5,2,2,5,5,1,5,5,2,0,Satisfied
Male,Loyal Customer,49,Business,Business,2140,5,2,4,3,2,0,4,2,2,3,2,0,Neutral or Dissatisfied
Female,Loyal Customer,30,Business,Economy,1522,2,4,0,5,3,5,1,3,5,3,3,5,Neutral or Dissatisfied
Male,Loyal Customer,63,Personal,Business,4219,4,2,1,1,4,5,2,3,5,4,3,3,Neutral or Dissatisfied
Male,Loyal Customer,28,Business,Business,2199,3,4,0,2,4,2,0,1,4,5,2,3,Neutral or Dissatisfied
Male,Loyal Customer,23,Personal,Economy,1134,4,3,0,5,1,0,3,4,5,1,1,2,Neutral or Dissatisfied
Male,Loyal Customer,61,Personal,Economy,794,5,1,2,3,5,2,5,0,3,2,2,5,Satisfied
Female,Loyal Customer,69,Business,Business,4536,0,1,1,3,4,3,3,5,3,3,3,0,Satisfied
Female,Disloyal Customer,55,Business,Economy Plus,3287,3,4,5,4,0,5,0,5,4,5,0,5,Neutral or Dissatisfied
Male,Disloyal Customer,42,Personal,Economy,3547,0,3,5,4,0,1,2,4,5,2,0,4,Neutral or Dissatisfied
Male,Loyal Customer,38,Business,Economy,4695,5,0,5,4,1,5,4,3,4,0,4,4,Satisfied
Male,Disloyal Customer,55,Business,Economy Plus,2410,1,3,5,2,3,5,4,1,3,5,1,3,Satisfied
Female,Disloyal Customer,33,Business,Business,2470,4,4,2,1,0,4,5,5,4,3,4,1,Neutral or Dissatisfied
Female,Loyal Customer,37,Personal,Economy Plus,3519,1,0,2,4,0,0,5,5,0,1,2,1,Satisfied
Female,Loyal Customer,50,Personal,Economy Plus,4884,5,1,4,5,3,0,0,0,3,3,3,0,Satisfied
Female,Disloyal Customer,58,Business,Economy,4580,3,4,2,1,4,4,4,5,1,0,3,2,Satisfied
Male,Disloyal Customer,67,Personal,Economy Plus,489,3,4,1,2,1,5,2,0,5,5,4,0,Satisfied
Male,Loyal Customer,46,Personal,Business,1611,3,1,2,4,4,0,1,0,5,3,4,5,Neutral or Dissatisfied
Male,Disloyal Customer,58,Personal,Economy,4359,4,1,4,5,3,4,0,4,5,4,4,0,Neutral or Dissatisfied
Male,Disloyal Customer,29,Personal,Economy Plus,4005,0,3,4,4,5,2,4,0,5,2,5,0,Satisfied
Male,Loyal Customer,45,Personal,Economy Plus,4933,5,2,2,3,4,3,2,0,0,5,1,4,Neutral or Dissatisfied
Male,Disloyal Customer,40,Personal,Business,4438,5,2,3,3,1,1,3,2,4,2,3,4,Satisfied
Female,Disloyal Customer,36,Personal,Economy Plus,1046,3,4,2,5,5,0,5,4,4,0,1,3,Neutral or Dissatisfied
Male,Disloyal Customer,66,Personal,Economy,3481,3,5,3,3,0,5,3,0,5,3,3,0,Satisfied
Male,Disloyal Customer,45,Business,Business,366,1,2,5,2,2,4,3,0,3,3,1,2,Neutral or Dissatisfied
Male,Loyal Customer,26,Personal,Business,4118,3,4,3,0,4,2,0,3,3,5,4,1,Satisfied
Female,Loyal Customer,23,Business,Economy,3706,1,0,4,1,4,3,3,5,5,5,2,0,Neutral or Dissatisfied
Female,Loyal Customer,44,Business,Business,3243,2,5,3,0,2,0,2,2,2,2,5,2,Neutral or Dissatisfied
Female,Disloyal Customer,49,Personal,Business,2197,1,5,4,2,1,3,4,0,2,4,2,4,Neutral or Dissatisfied
Male,Loyal Customer,36,Business,Business,3163,1,5,2,4,0,5,1,5,0,2,0,3,Satisfied
Male,Loyal Customer,18,Business,Economy Plus,4811,4,2,2,3,5,4,5,2,4,4,1,1,Neutral or Dissatisfied
Female,Disloyal Customer,45,Personal,Economy,459,3,3,2,2,3,4,3,0,4,0,1,0,Satisfied
Male,Loyal Customer,22,Personal,Economy Plus,2188,5,1,5,1,5,4,5,3,1,2,5,4,Satisfied
Male,Loyal Customer,23,Business,Economy Plus,978,0,4,4,2,2,2,5,3,3,0,5,4,Neutral or Dissatisfied
Male,Loyal Customer,25,Business,Economy,324,2,3,0,2,1,3,5,0,0,0,4,2,Neutral or Dissatisfied
Female,Loyal Customer,42,Personal,Economy Plus,551,1,0,5,2,0,4,1,2,2,2,0,0,Satisfied
Female,Loyal Customer,48,Business,Economy Plus,407,4,5,1,2,4,4,0,3,2,2,5,3,Satisfied
Male,Loyal Customer,62,Business,Economy,160,1,4,1,3,4,3,1,3,3,5,4,5,Satisfied
Female,Loyal Customer,58,Business,Economy,363,4,0,5,1,5,5,4,1,3,0,4,1,Neutral or Dissatisfied
Female,Disloyal Customer,62,Business,Economy Plus,4397,0,0,1,5,4,2,3,3,1,3,4,4,Neutral or Dissatisfied
Female,Disloyal Customer,67,Personal,Business,4681,2,0,3,1,1,1,0,2,2,2,0,4,Neutral or Dissatisfied
Female,Loyal Customer,41,Personal,Economy Plus,3203,2,3,5,2,1,1,5,0,4,5,2,5,Satisfied
Male,Disloyal Customer,33,Personal,Business,3294,3,4,4,0,5,4,2,4,5,4,0,3,Neutral or Dissatisfied
Male,Loyal Customer,58,Business,Economy,642,1,4,2,1,0,0,5,5,3,5,4,3,Neutral or Dissatisfied
Male,Loyal Customer,20,Business,Economy,2079,5,4,2,4,0,3,2,2,3,5,5,5,Neutral or Dissatisfied
Female,Disloyal Customer,23,Personal,Business,4601,5,4,3,0,0,4,2,0,4,2,4,1,Satisfied
Male,Loyal Customer,57,Business,Business,2303,1,4,4,5,2,2,3,1,0,2,0,0,Neutral or Dissatisfied
Male,Disloyal Customer,36,Business,Economy Plus,386,0,1,1,3,3,3,1,3,1,1,0,2,Neutral or Dissatisfied
Male,Disloyal Customer,46,Personal,Business,3613,0,5,3,4,4,0,1,4,2,0,2,1,Neutral or Dissatisfied
Female,Loyal Customer,44,Personal,Economy Plus,1586,4,3,2,3,3,5,5,0,3,1,3,0,Neutral or Dissatisfied
Female,Disloyal Customer,21,Business,Economy,1023,1,4,5,1,0,2,0,3,5,5,3,1,Neutral or Dissatisfied
Female,Disloyal Customer,19,Personal,Business,4972,5,1,5,1,4,1,5,4,5,0,5,5,Neutral or Dissatisfied
Female,Disloyal Customer,42,Personal,Economy Plus,3150,1,5,4,5,5,1,2,4,5,4,2,3,Neutral or Dissatisfied
Female,Disloyal Customer,18,Business,Business,3828,0,5,5,0,3,5,4,1,4,0,1,5,Neutral or Dissatisfied
Female,Loyal Customer,34,Business,Economy,1302,3,1,3,3,1,1,5,5,1,2,3,5,Neutral or Dissatisfied
Female,Disloyal Customer,41,Business,Business,537,4,5,4,2,0,3,2,1,4,1,0,0,Satisfied
Female,Disloyal Customer,56,Personal,Business,1171,0,3,1,5,4,1,1,4,0,0,0,1,Neutral or Dissatisfied
Female,Disloyal Customer,58,Personal,Business,2595,0,4,1,5,5,2,3,4,2,3,5,5,Satisfied
Male,Disloyal Customer,68,Business,Economy Plus,2134,2,0,0,1,0,4,5,4,5,1,1,5,Satisfied
Female,Disloyal Customer,39,Business,Economy,3558,3,5,5,1,1,3,0,0,2,1,3,2,Neutral or Dissatisfied
Male,Loyal Customer,43,Business,Economy,2593,3,0,2,1,2,2,3,3,2,2,1,3,Satisfied
Male,Loyal Customer,34,Personal,Economy Plus,1492,1,3,3,4,1,0,0,2,5,0,4,5,Satisfied
Male,Disloyal Customer,68,Personal,Economy,946,0,0,3,0,5,2,2,5,3,3,5,4,Satisfied
Male,Loyal Customer,68,Business,Business,1339,1,5,5,0,4,4,5,2,1,4,5,4,Satisfied
Female,Disloyal Customer,28,Business,Economy,126,4,0,5,3,1,1,5,4,3,3,1,0,Satisfied
Female,Loyal Customer,33,Business,Economy,4254,0,0,0,5,2,3,1,1,4,5,4,2,Satisfied
Female,Loyal Customer,58,Personal,Economy Plus,2422,2,5,3,1,2,0,5,1,2,3,1,5,Neutral or Dissatisfied
Female,Loyal Customer,53,Personal,Economy,1581,3,2,2,1,4,3,2,2,4,4,5,0,Satisfied
Female,Disloyal Customer,40,Business,Economy,4054,4,2,1,4,0,5,1,5,0,1,4,1,Neutral or Dissatisfied
Female,Disloyal Customer,33,Business,Economy,2450,5,5,5,5,4,4,0,1,1,2,1,1,Satisfied
Female,Disloyal Customer,26,Personal,Business,4620,5,3,2,4,0,5,0,4,3,2,0,4,Neutral or Dissatisfied
Male,Loyal Customer,26,Personal,Economy Plus,4801,1,0,2,0,3,3,4,4,5,2,0,5,Satisfied
Male,Disloyal Customer,49,Business,Economy,4219,2,4,1,2,0,4,4,1,2,3,1,4,Satisfied
Male,Loyal Customer,39,Personal,Economy Plus,4250,4,3,1,3,0,5,1,4,4,2,4,2,Neutral or Dissatisfied
Female,Loyal Customer,40,Personal,Economy,2272,5,0,2,4,5,2,1,3,4,0,1,2,Neutral or Dissatisfied
Female,Disloyal Customer,31,Business,Economy,4291,5,5,4,2,2,0,1,0,4,1,1,4,Neutral or Dissatisfied
Female,Loyal Customer,44,Personal,Business,153,0,3,4,1,5,2,4,4,4,1,3,3,Neutral or Dissatisfied
Female,Loyal Customer,33,Business,Business,1075,2,0,0,2,5,4,0,0,0,5,0,4,Satisfied
Female,Loyal Customer,35,Personal,Economy Plus,4413,1,4,3,2,4,0,0,3,3,3,2,4,Satisfied
Male,Loyal Customer,39,Business,Economy Plus,1542,3,4,5,0,0,3,4,3,0,2,3,1,Satisfied
Female,Loyal Customer,60,Business,Economy,3212,5,0,0,3,0,4,4,0,3,4,5,3,Neutral or Dissatisfied
Female,Loyal Customer,63,Business,Business,293,5,1,2,3,2,4,5,2,1,5,3,0,Neutral or Dissatisfied
Male,Loyal Customer,63,Personal,Economy,1892,2,2,2,0,0,4,0,1,1,4,0,5,Neutral or Dissatisfied
Male,Disloyal Customer,63,Personal,Economy Plus,2687,4,1,3,2,1,3,0,4,5,1,2,3,Neutral or Dissatisfied
Male,Disloyal Customer,27,Business,Business,1077,1,5,1,4,0,2,3,2,5,3,0,3,Neutral or Dissatisfied
Male,Disloyal Customer,67,Business,Business,3859,2,2,0,4,1,3,5,4,2,0,3,2,Neutral or Dissatisfied
Male,Loyal Customer,55,Personal,Economy,2793,3,4,2,3,3,5,1,4,1,1,5,3,Neutral or Dissatisfied
Female,Loyal Customer,53,Business,Business,3109,4,4,5,4,5,1,1,5,4,2,2,0,Neutral or Dissatisfied
Male,Disloyal Customer,33,Personal,Economy,4328,0,0,1,1,1,1,2,1,0,0,1,4,Satisfied
Female,Loyal Customer,64,Personal,Economy,266,0,0,2,4,4,5,1,1,3,1,0,1,Satisfied
Male,Loyal Customer,60,Personal,Business,3862,0,2,5,1,5,1,1,2,3,0,2,4,Neutral or Dissatisfied
Female,Disloyal Customer,48,Business,Economy Plus,2243,3,0,4,5,0,1,5,5,3,1,3,5,Neutral or Dissatisfied
Female,Disloyal Customer,53,Personal,Economy Plus,3278,5,5,1,2,1,0,3,1,3,5,0,1,Satisfied
Male,Loyal Customer,65,Business,Economy,466,2,3,3,4,0,4,0,0,2,1,3,1,Neutral or Dissatisfied
Male,Loyal Customer,44,Business,Economy,1866,2,4,4,0,5,5,0,5,4,0,0,5,Satisfied
Female,Disloyal Customer,54,Business,Economy Plus,583,5,4,4,5,5,5,4,0,2,5,3,5,Neutral or Dissatisfied
Male,Disloyal Customer,32,Personal,Business,146,1,2,5,4,1,4,2,0,1,2,4,1,Neutral or Dissatisfied
Male,Loyal Customer,41,Personal,Economy,2217,0,1,5,1,4,5,5,1,2,1,0,4,Satisfied
Female,Loyal Customer,44,Business,Business,3353,4,0,2,2,4,5,1,2,5,3,0,2,Neutral or Dissatisfied
Male,Disloyal Customer,63,Personal,Business,3839,5,1,5,1,3,4,0,1,3,4,3,5,Neutral or Dissatisfied
Male,Disloyal Customer,18,Personal,Economy,2748,0,3,3,0,4,3,0,2,0,2,4,1,Neutral or Dissatisfied
Male,Loyal Customer,48,Business,Business,2018,3,0,5,2,5,3,1,3,3,4,0,3,Satisfied
Female,Disloyal Customer,45,Business,Economy,2518,1,3,1,0,0,4,1,0,2,1,2,2,Satisfied
Male,Loyal Customer,64,Business,Economy Plus,4788,5,5,1,1,0,4,3,0,1,1,2,5,Neutral or Dissatisfied
